NANDO:2200685	KNG1
NANDO:2200684	KLKB1
NANDO:2200687	SERPINF2
NANDO:2201357	EBP
NANDO:2200681	F13A1
NANDO:2200681	F13B
NANDO:2200680	F12
NANDO:2200689	PROC
NANDO:2200688	SERPINE1
NANDO:1200624	SUMF1
NANDO:2200762	IRAK4
NANDO:2200763	MYD88
NANDO:2200449	NLRP12
NANDO:2200449	NLRP3
NANDO:2200761	IKBKG
NANDO:2200761	NFKBIA
NANDO:2200766	RBCK1
NANDO:2200767	CXCR4
NANDO:2200764	CLEC7A
NANDO:2200764	IL17F
NANDO:2200764	IL17RA
NANDO:2200764	IL17RC
NANDO:2200764	TRAF3IP2
NANDO:2201214	GLA
NANDO:2200443	CARD14
NANDO:2201189	MAN2B1
NANDO:2200768	CIB1
NANDO:2200768	IL7
NANDO:2200768	TMC6
NANDO:2200768	TMC8
NANDO:2200447	IL10RA
NANDO:2200446	IL10
NANDO:2200446	IL10RA
NANDO:2200446	IL10RB
NANDO:2200363	SCNN1G
NANDO:1200789	TAT
NANDO:1200788	FAH
NANDO:1200427	BMPR2
NANDO:1200427	EIF2AK4
NANDO:1200425	BMPR2
NANDO:2200668	GP1BA
NANDO:1200782	CYP27B1
NANDO:1200782	CYP2R1
NANDO:2201376	PLEC
NANDO:1200787	PAH
NANDO:1200785	PAH
NANDO:1200784	PAH
NANDO:1200008	SPG7
NANDO:2200049	EXT1
NANDO:2200049	EXT2
NANDO:2200049	IDH1
NANDO:2200049	IDH2
NANDO:2200049	PTH1R
NANDO:2200047	APC
NANDO:2200047	AXIN1
NANDO:2200047	CASP8
NANDO:2200047	CTNNB1
NANDO:2200047	IGF2R
NANDO:2200047	MET
NANDO:2200047	PDGFRL
NANDO:2200047	PIK3CA
NANDO:2200047	TP53
NANDO:2200044	BCOR
NANDO:2200044	IRX2
NANDO:2200044	NUTM2B
NANDO:2200044	NUTM2E
NANDO:2200044	YWHAE
NANDO:2200043	BRCA2
NANDO:2200043	DIS3L2
NANDO:2200043	GPC3
NANDO:2200043	H19
NANDO:2200043	POU6F2
NANDO:2200043	REST
NANDO:2200043	TRIM28
NANDO:2200043	TRIP13
NANDO:2200043	WT1
NANDO:2200042	RB1
NANDO:1200190	PRNP
NANDO:2200040	ALK
NANDO:2200040	HACE1
NANDO:2200040	LIN28B
NANDO:2200040	LMO1
NANDO:2200040	MYCN
NANDO:2200040	PHOX2B
NANDO:2200040	TOP2A
NANDO:1200365	SERPING1
NANDO:1200082	PSAP
NANDO:1200922	CFTR
NANDO:1200922	CLCA4
NANDO:1200922	DCTN4
NANDO:1200922	FCGR2A
NANDO:1200922	STX1A
NANDO:1200922	TGFB1
NANDO:1200921	CASR
NANDO:1200921	CFTR
NANDO:1200921	CPA1
NANDO:1200921	CTRC
NANDO:1200921	PRSS1
NANDO:1200921	PRSS2
NANDO:1200921	SPINK1
NANDO:2201305	FGFR1
NANDO:2201305	FREM1
NANDO:2200908	SI
NANDO:2200909	SLC5A1
NANDO:1200841	SLC37A4
NANDO:2200617	TF
NANDO:2200614	ADA2
NANDO:2200614	GATA1
NANDO:2200614	RPL11
NANDO:2200614	RPL15
NANDO:2200614	RPL18
NANDO:2200614	RPL26
NANDO:2200614	RPL27
NANDO:2200614	RPL31
NANDO:2200614	RPL35
NANDO:2200614	RPL35A
NANDO:2200614	RPL5
NANDO:2200614	RPS10
NANDO:2200614	RPS15A
NANDO:2200614	RPS17
NANDO:2200614	RPS19
NANDO:2200614	RPS24
NANDO:2200614	RPS26
NANDO:2200614	RPS27
NANDO:2200614	RPS28
NANDO:2200614	RPS29
NANDO:2200614	RPS7
NANDO:2200614	TSR2
NANDO:2200901	ADORA2A
NANDO:2200210	GATA6
NANDO:2200210	ZFPM2
NANDO:2200905	PMP22
NANDO:1200251	HLA-B
NANDO:1200251	IL12B
NANDO:1200251	MLX
NANDO:1200531	PRRT2
NANDO:1200531	SLC2A1
NANDO:1200253	HLA-B
NANDO:1200253	IL12B
NANDO:1200253	MLX
NANDO:1200252	HLA-B
NANDO:1200252	IL12B
NANDO:1200252	MLX
NANDO:1200255	HLA-B
NANDO:1200255	IL12B
NANDO:1200255	MLX
NANDO:1200254	HLA-B
NANDO:1200254	IL12B
NANDO:1200254	MLX
NANDO:1200257	HLA-B
NANDO:1200257	IL12B
NANDO:1200257	MLX
NANDO:1200256	HLA-B
NANDO:1200256	IL12B
NANDO:1200256	MLX
NANDO:1200556	GFAP
NANDO:2201202	ARSA
NANDO:2201202	PSAP
NANDO:1200554	GFAP
NANDO:1200555	GFAP
NANDO:1200552	ADORA2A
NANDO:2201067	NLRP3
NANDO:1200550	CHMP2B
NANDO:1200550	GRN
NANDO:1200550	MAPT
NANDO:1200550	PSEN1
NANDO:1200550	TMEM106B
NANDO:1200550	TREM2
NANDO:2201065	HLA-B
NANDO:2201065	IL12B
NANDO:2201065	MLX
NANDO:1200996	ADAR
NANDO:1200996	IFIH1
NANDO:1200996	RNASEH2A
NANDO:1200996	RNASEH2B
NANDO:1200996	RNASEH2C
NANDO:1200996	SAMHD1
NANDO:1200996	TREX1
NANDO:2201342	LAMA3
NANDO:2201342	LAMB3
NANDO:2201342	LAMC2
NANDO:1200994	NLRC4
NANDO:2200448	IL10RB
NANDO:2201347	COL2A1
NANDO:2201346	BMPR1B
NANDO:2201346	COL2A1
NANDO:2201346	GDF5
NANDO:1200859	AGPAT2
NANDO:1200859	BSCL2
NANDO:1200859	CAV1
NANDO:1200859	CAVIN1
NANDO:1200859	FOS
NANDO:1200859	PPARG
NANDO:1200991	TAFAZZIN
NANDO:1200857	MTTP
NANDO:1200856	CYP27A1
NANDO:2201349	COL2A1
NANDO:1200854	ABCA1
NANDO:1200853	ABCG5
NANDO:1200853	ABCG8
NANDO:1200852	LCAT
NANDO:1200851	GALT
NANDO:1200850	GBE1
NANDO:2200686	LMAN1
NANDO:2200686	MCFD2
NANDO:1200338	SPINK5
NANDO:1200339	ARVCF
NANDO:1200339	COMT
NANDO:1200339	DGCR2
NANDO:1200339	DGCR6
NANDO:1200339	DGCR8
NANDO:1200339	ESS2
NANDO:1200339	GP1BB
NANDO:1200339	HIRA
NANDO:1200339	JMJD1C
NANDO:1200339	RREB1
NANDO:1200339	SEC24C
NANDO:1200339	TBX1
NANDO:1200339	UFD1
NANDO:2201235	CTNS
NANDO:2200840	FMR1
NANDO:2200442	PLCG2
NANDO:1200332	NBN
NANDO:1200333	BLM
NANDO:2200455	PLCG2
NANDO:1200331	ATM
NANDO:1200336	RNF168
NANDO:1200337	SMARCAL1
NANDO:1200334	CDCA7
NANDO:1200334	DNMT3B
NANDO:1200334	HELLS
NANDO:1200334	ZBTB24
NANDO:2200837	HEPACAM
NANDO:2200837	MLC1
NANDO:2200834	ASPA
NANDO:2200835	GFAP
NANDO:2201282	NCF2
NANDO:2200833	LMNA
NANDO:2200833	ZMPSTE24
NANDO:2201280	CYBA
NANDO:2201281	NCF1
NANDO:2200838	EIF2B1
NANDO:2200838	EIF2B2
NANDO:2200838	EIF2B3
NANDO:2200838	EIF2B4
NANDO:2200838	EIF2B5
NANDO:2200839	ATRX
NANDO:2201117	IVD
NANDO:1201009	CTLA4
NANDO:1201009	HLA-DPA1
NANDO:1201009	HLA-DPB1
NANDO:1201009	PRTN3
NANDO:1201009	PTPN22
NANDO:1201008	CTLA4
NANDO:1201008	HLA-DPA1
NANDO:1201008	HLA-DPB1
NANDO:1201008	PRTN3
NANDO:1201008	PTPN22
NANDO:1200059	GBA
NANDO:2201110	LMBRD1
NANDO:2201111	MTR
NANDO:2201299	GATM
NANDO:1201000	FOXE3
NANDO:1201007	LMNA
NANDO:1201007	ZMPSTE24
NANDO:1201006	TACSTD2
NANDO:2201118	IVD
NANDO:2201119	HMGCL
NANDO:2200533	GALK1
NANDO:2200532	GALT
NANDO:2200531	ALDOB
NANDO:1200779	PHEX
NANDO:2200537	GYS2
NANDO:2200536	PCK1
NANDO:2200536	PCK2
NANDO:2200535	FBP1
NANDO:2200534	GALE
NANDO:1200772	AGPS
NANDO:1200773	AGXT
NANDO:2200539	AGL
NANDO:1200771	GNPAT
NANDO:1200774	CAT
NANDO:1200149	SLC17A5
NANDO:1200672	KDM6A
NANDO:1200672	KMT2D
NANDO:1200671	RECQL4
NANDO:1200670	ARID1A
NANDO:1200670	ARID1B
NANDO:1200670	ARID2
NANDO:1200670	DPF2
NANDO:1200670	SMARCA4
NANDO:1200670	SMARCB1
NANDO:1200670	SMARCC2
NANDO:1200670	SMARCD1
NANDO:1200670	SMARCE1
NANDO:1200670	SOX11
NANDO:1200670	SOX4
NANDO:1200676	WRN
NANDO:1200675	EYA1
NANDO:1200675	SIX1
NANDO:1200675	SIX5
NANDO:1200679	APC2
NANDO:1200679	NSD1
NANDO:1200679	SETD2
NANDO:1200678	HERC2
NANDO:1200678	IPW
NANDO:1200678	MAGEL2
NANDO:1200678	MKRN3
NANDO:1200678	MKRN3-AS1
NANDO:1200678	NDN
NANDO:1200678	NPAP1
NANDO:1200678	PWAR1
NANDO:1200678	PWRN1
NANDO:1200678	SNORD115-1
NANDO:1200678	SNORD116-1
NANDO:1200678	SNRPN
NANDO:1200145	LAMP2
NANDO:1200144	LIPA
NANDO:1200147	SLC17A5
NANDO:2200202	SLC34A2
NANDO:1200021	CHRNE
NANDO:2200823	PIK3CA
NANDO:1200382	AXL
NANDO:1200382	CCDC141
NANDO:1200382	DUSP6
NANDO:1200382	FEZF1
NANDO:1200382	FGF17
NANDO:1200382	FGFR1
NANDO:1200382	GNRH1
NANDO:1200382	GNRHR
NANDO:1200382	SEMA3E
NANDO:1200382	SPRY4
NANDO:1200382	SRA1
NANDO:1200382	WDR11
NANDO:2201085	NAGS
NANDO:1200783	VDR
NANDO:2201238	SLC17A5
NANDO:2200348	GNAS
NANDO:2200221	CALM1
NANDO:2200221	CALM2
NANDO:2200221	CALM3
NANDO:2200221	CASQ2
NANDO:2200221	RYR2
NANDO:2200221	TECRL
NANDO:2200221	TRDN
NANDO:2200883	ATP1A2
NANDO:2200883	ATP1A3
NANDO:2200883	CACNA1A
NANDO:2200883	SLC1A3
NANDO:2201232	LIPA
NANDO:2200346	AIRE
NANDO:2200880	CSTB
NANDO:2200880	PRICKLE1
NANDO:2200880	SCARB2
NANDO:2200887	PLA2G6
NANDO:2201236	CTNS
NANDO:2200229	ACTC1
NANDO:2200229	MYH7
NANDO:2200229	MYL3
NANDO:2200229	PRKAG2
NANDO:2200229	TNNI3
NANDO:2200229	TNNT2
NANDO:2200229	TPM1
NANDO:2201234	CTNS
NANDO:2200014	ARHGAP26
NANDO:2200014	ASXL1
NANDO:2200014	CBL
NANDO:2200014	ETV6
NANDO:2200014	KRAS
NANDO:2200014	NF1
NANDO:2200014	NRAS
NANDO:2200014	PDGFRB
NANDO:2200014	PTPN11
NANDO:2200014	RRAS
NANDO:2200014	SRSF2
NANDO:2200015	ARHGAP26
NANDO:2200015	CBL
NANDO:2200015	KRAS
NANDO:2200015	NF1
NANDO:2200015	NRAS
NANDO:2200015	PTPN11
NANDO:2200015	RRAS
NANDO:2200017	KMT2A
NANDO:2200895	RNASEH2C
NANDO:2200013	ABL1
NANDO:2200013	BCR
NANDO:2200013	RUNX1
NANDO:1200581	HSPD1
NANDO:2200154	DZIP1L
NANDO:2200154	PKHD1
NANDO:2200405	CDKN1A
NANDO:2200405	CDKN1B
NANDO:2200405	CDKN2B
NANDO:2200405	CDKN2C
NANDO:2200405	MEN1
NANDO:2200435	PSMB8
NANDO:2200018	FLT3
NANDO:2200018	KMT2A
NANDO:2200019	ASXL1
NANDO:2200019	GATA2
NANDO:2200019	GNB1
NANDO:2200019	MECOM
NANDO:2200019	SF3B1
NANDO:2200019	TET2
NANDO:2200153	BICC1
NANDO:2200153	GANAB
NANDO:2200153	PKD1
NANDO:2200153	PKD2
NANDO:1200586	SOX10
NANDO:1200095	IDUA
NANDO:1200217	DYSF
NANDO:2201228	SUMF1
NANDO:2200831	WRN
NANDO:1200515	TUBB4A
NANDO:2200230	DSG2
NANDO:2200230	JUP
NANDO:2200230	PKP2
NANDO:1200099	IDS
NANDO:2200080	DICER1
NANDO:2200086	IDH2
NANDO:2200120	LAGE3
NANDO:2200120	NUP107
NANDO:2200120	NUP133
NANDO:2200120	OSGEP
NANDO:2200120	TP53RK
NANDO:2200120	TPRKB
NANDO:2200120	WDR4
NANDO:2200120	WDR73
NANDO:1200092	ASAH1
NANDO:1200091	ASAH1
NANDO:1200090	ASAH1
NANDO:1200097	IDS
NANDO:1200096	IDUA
NANDO:2200126	COL4A5
NANDO:1200094	IDUA
NANDO:1200804	OTC
NANDO:1200805	ASS1
NANDO:1200806	ASL
NANDO:1200807	ARG1
NANDO:1200800	GCDH
NANDO:1200801	ETFA
NANDO:1200801	ETFB
NANDO:1200801	ETFDH
NANDO:1200803	CPS1
NANDO:1200808	NAGS
NANDO:1200809	SLC7A7
NANDO:2200652	BRCA1
NANDO:2200652	BRCA2
NANDO:2200652	BRIP1
NANDO:2200652	ERCC4
NANDO:2200652	FANCA
NANDO:2200652	FANCB
NANDO:2200652	FANCC
NANDO:2200652	FANCD2
NANDO:2200652	FANCE
NANDO:2200652	FANCF
NANDO:2200652	FANCG
NANDO:2200652	FANCI
NANDO:2200652	FANCL
NANDO:2200652	FANCM
NANDO:2200652	MAD2L2
NANDO:2200652	PALB2
NANDO:2200652	RAD51
NANDO:2200652	RAD51C
NANDO:2200652	RFWD3
NANDO:2200652	SLX4
NANDO:2200652	UBE2T
NANDO:2200652	XRCC2
NANDO:2200719	IGHG2
NANDO:2200719	IGKC
NANDO:1200296	IFNG
NANDO:1200296	NBN
NANDO:1200296	PRF1
NANDO:1200296	SBDS
NANDO:1200296	TERC
NANDO:1200296	TERT
NANDO:2200656	GP1BA
NANDO:2200656	GP1BB
NANDO:2200656	GP9
NANDO:2200657	ITGA2B
NANDO:2200657	ITGB3
NANDO:2200654	MYH9
NANDO:2200655	CALR
NANDO:2200655	JAK2
NANDO:2200655	MPL
NANDO:2200655	SH2B3
NANDO:2200655	TET2
NANDO:2200655	TP53
NANDO:2200712	ARVCF
NANDO:2200712	COMT
NANDO:2200712	DGCR2
NANDO:2200712	DGCR6
NANDO:2200712	DGCR8
NANDO:2200712	ESS2
NANDO:2200712	GP1BB
NANDO:2200712	HIRA
NANDO:2200712	JMJD1C
NANDO:2200712	RREB1
NANDO:2200712	SEC24C
NANDO:2200712	TBX1
NANDO:2200712	UFD1
NANDO:2200711	SMARCAL1
NANDO:2200710	RNF168
NANDO:2200717	CD19
NANDO:2200717	CD81
NANDO:2200717	CR2
NANDO:2200717	ICOS
NANDO:2200717	MS4A1
NANDO:2200717	NFKB1
NANDO:2200717	NFKB2
NANDO:2200717	PRKCD
NANDO:2200717	TNFRSF13B
NANDO:2200717	TNFRSF13C
NANDO:2200717	TNFSF12
NANDO:2200716	BTK
NANDO:2200715	CTC1
NANDO:2200715	DKC1
NANDO:2200715	NHP2
NANDO:2200715	NOP10
NANDO:2200715	NPM1
NANDO:2200715	PARN
NANDO:2200715	RTEL1
NANDO:2200715	TERC
NANDO:2200715	TINF2
NANDO:2200715	USB1
NANDO:2200715	WRAP53
NANDO:1200213	SAA1
NANDO:2200511	SLC25A20
NANDO:1200513	HPCA
NANDO:1200459	ACTG2
NANDO:1200459	LMOD1
NANDO:1200459	MYH11
NANDO:1200459	MYLK
NANDO:2201304	ERF
NANDO:1200516	GCH1
NANDO:2201302	ALX4
NANDO:2201302	ERF
NANDO:2201302	TWIST1
NANDO:2201301	SLC6A8
NANDO:2201300	GAMT
NANDO:1200591	CHD2
NANDO:1200591	CUX2
NANDO:1200591	DNM1
NANDO:1200591	GABRB3
NANDO:1200591	MAPK10
NANDO:1200591	SCN1A
NANDO:1200519	PNKD
NANDO:1200519	PRRT2
NANDO:1200893	MYH9
NANDO:1200891	BRCA1
NANDO:1200891	BRCA2
NANDO:1200891	BRIP1
NANDO:1200891	ERCC4
NANDO:1200891	FANCA
NANDO:1200891	FANCB
NANDO:1200891	FANCC
NANDO:1200891	FANCD2
NANDO:1200891	FANCE
NANDO:1200891	FANCF
NANDO:1200891	FANCG
NANDO:1200891	FANCI
NANDO:1200891	FANCL
NANDO:1200891	FANCM
NANDO:1200891	MAD2L2
NANDO:1200891	PALB2
NANDO:1200891	RAD51
NANDO:1200891	RAD51C
NANDO:1200891	RFWD3
NANDO:1200891	SLX4
NANDO:1200891	UBE2T
NANDO:1200891	XRCC2
NANDO:1200890	ADA2
NANDO:1200890	GATA1
NANDO:1200890	RPL11
NANDO:1200890	RPL15
NANDO:1200890	RPL18
NANDO:1200890	RPL26
NANDO:1200890	RPL27
NANDO:1200890	RPL31
NANDO:1200890	RPL35
NANDO:1200890	RPL35A
NANDO:1200890	RPL5
NANDO:1200890	RPS10
NANDO:1200890	RPS15A
NANDO:1200890	RPS17
NANDO:1200890	RPS19
NANDO:1200890	RPS24
NANDO:1200890	RPS26
NANDO:1200890	RPS27
NANDO:1200890	RPS28
NANDO:1200890	RPS29
NANDO:1200890	RPS7
NANDO:1200890	TSR2
NANDO:2200217	PRKAG2
NANDO:1200191	PRNP
NANDO:2201084	NAGS
NANDO:2200515	HADHA
NANDO:2200515	HADHB
NANDO:2201086	NAGS
NANDO:2201080	BCKDHA
NANDO:2201080	BCKDHB
NANDO:2201080	DBT
NANDO:2201081	BCKDHA
NANDO:2201081	BCKDHB
NANDO:2201081	DBT
NANDO:2201083	CBS
NANDO:2201088	CPS1
NANDO:2201089	CPS1
NANDO:2200884	TOR1A
NANDO:2200878	ARX
NANDO:2200878	CDKL5
NANDO:2200878	CNPY3
NANDO:2200878	GRIN2B
NANDO:2200878	GUF1
NANDO:2200878	NTRK2
NANDO:2200878	PHACTR1
NANDO:2200878	PIGA
NANDO:2200878	PLCB1
NANDO:2200878	SCN2A
NANDO:2200878	SIK1
NANDO:2200878	SPTAN1
NANDO:2200878	ST3GAL3
NANDO:2200878	STXBP1
NANDO:2200878	WDR45
NANDO:2200879	CHD2
NANDO:2200879	CUX2
NANDO:2200879	DNM1
NANDO:2200879	GABRB3
NANDO:2200879	MAPK10
NANDO:2200879	SCN1A
NANDO:1200258	PTPN22
NANDO:1200493	PABPN1
NANDO:2200870	RYR1
NANDO:2201174	SGSH
NANDO:2200876	HSPG2
NANDO:2200875	FHL1
NANDO:2200973	GJA1
NANDO:2200972	CHD7
NANDO:2200972	SEMA3E
NANDO:2201158	AGL
NANDO:2201159	GBE1
NANDO:2200977	ARID1A
NANDO:2200977	ARID1B
NANDO:2200977	ARID2
NANDO:2200977	DPF2
NANDO:2200977	SMARCA4
NANDO:2200977	SMARCB1
NANDO:2200977	SMARCC2
NANDO:2200977	SMARCD1
NANDO:2200977	SMARCE1
NANDO:2200977	SOX11
NANDO:2200977	SOX4
NANDO:1200491	DNMT3B
NANDO:1200491	DUX4
NANDO:1200491	DUX4L1
NANDO:1200491	FRG1
NANDO:1200491	SMCHD1
NANDO:2200975	FGFR2
NANDO:2200974	IKBKG
NANDO:2201152	GYS1
NANDO:2201153	G6PC1
NANDO:2200979	DHCR7
NANDO:2200978	GPC3
NANDO:2200978	GPC4
NANDO:2201156	AGL
NANDO:2201157	AGL
NANDO:2201154	SLC37A4
NANDO:2201155	AGL
NANDO:2201012	ALPL
NANDO:2201010	FGFR3
NANDO:2200929	GPR35
NANDO:2200929	MST1
NANDO:2200929	TCF4
NANDO:2201016	COL11A1
NANDO:2201016	COL11A2
NANDO:2201016	COL9A1
NANDO:2201016	COL9A2
NANDO:2201016	COL9A3
NANDO:2201015	EXT1
NANDO:2201015	EXT2
NANDO:2201015	IDH1
NANDO:2201015	IDH2
NANDO:2201015	PTH1R
NANDO:2201014	EXT1
NANDO:2201014	EXT2
NANDO:1200967	LMX1B
NANDO:2201019	FLNB
NANDO:2201018	COMP
NANDO:1200961	DHCR7
NANDO:1200960	HDAC8
NANDO:1200960	KMT2A
NANDO:1200960	NIPBL
NANDO:1200960	RAD21
NANDO:1200960	SETD5
NANDO:1200960	SMC1A
NANDO:1200960	SMC3
NANDO:2200375	POR
NANDO:2201233	LIPA
NANDO:1200633	HLA-DQB1
NANDO:1200633	HLA-DRB1
NANDO:1200631	ATP2C1
NANDO:2200372	CYP11B1
NANDO:2201169	IDUA
NANDO:2200971	HRAS
NANDO:1200639	LYST
NANDO:1200068	GLB1
NANDO:1200069	GLB1
NANDO:1200712	COL4A5
NANDO:1200062	SMPD1
NANDO:2200881	EPM2A
NANDO:2200881	NHLRC1
NANDO:1200713	LAGE3
NANDO:1200713	NUP107
NANDO:1200713	NUP133
NANDO:1200713	OSGEP
NANDO:1200713	TP53RK
NANDO:1200713	TPRKB
NANDO:1200713	WDR4
NANDO:1200713	WDR73
NANDO:1200066	GLB1
NANDO:1200067	GLB1
NANDO:2200976	FGFR1
NANDO:2200976	FGFR2
NANDO:1200343	BTK
NANDO:1200342	CTC1
NANDO:1200342	DKC1
NANDO:1200342	NHP2
NANDO:1200342	NOP10
NANDO:1200342	NPM1
NANDO:1200342	PARN
NANDO:1200342	RTEL1
NANDO:1200342	TERC
NANDO:1200342	TINF2
NANDO:1200342	USB1
NANDO:1200342	WRAP53
NANDO:1200341	SP110
NANDO:1200208	PDGFB
NANDO:1200208	PDGFRB
NANDO:1200208	SLC20A2
NANDO:2201279	CYBB
NANDO:1200344	CD19
NANDO:1200344	CD81
NANDO:1200344	CR2
NANDO:1200344	ICOS
NANDO:1200344	MS4A1
NANDO:1200344	NFKB1
NANDO:1200344	NFKB2
NANDO:1200344	PRKCD
NANDO:1200344	TNFRSF13B
NANDO:1200344	TNFRSF13C
NANDO:1200344	TNFSF12
NANDO:2200444	SH3BP2
NANDO:2201276	IFNG
NANDO:2201276	NBN
NANDO:2201276	PRF1
NANDO:2201276	SBDS
NANDO:2201276	TERC
NANDO:2201276	TERT
NANDO:2201274	HBB
NANDO:2201273	HBA1
NANDO:2201273	HBA2
NANDO:2201273	HBB
NANDO:1200083	SUMF1
NANDO:2201270	UROD
NANDO:2201052	RET
NANDO:2201297	POLR3A
NANDO:2201297	POLR3B
NANDO:1200207	JAM2
NANDO:1200207	MYORG
NANDO:1200207	PDGFB
NANDO:1200207	PDGFRB
NANDO:1200207	SLC20A2
NANDO:1200207	XPR1
NANDO:2200110	NPHS1
NANDO:2201151	GYS2
NANDO:2200970	TGFB1
NANDO:2200117	LAMB2
NANDO:2200116	WT1
NANDO:2200119	LAMA3
NANDO:2200119	LAMB3
NANDO:2200119	LAMC2
NANDO:1200512	TOR1A
NANDO:2201170	IDUA
NANDO:1200819	UROD
NANDO:1200951	EIF2B1
NANDO:1200951	EIF2B2
NANDO:1200951	EIF2B3
NANDO:1200951	EIF2B4
NANDO:1200951	EIF2B5
NANDO:2200285	ELN
NANDO:1200705	GJA1
NANDO:2200286	BAZ1B
NANDO:2200286	CLIP2
NANDO:2200286	ELN
NANDO:2200286	GTF2I
NANDO:2200286	GTF2IRD1
NANDO:2200286	LIMK1
NANDO:2200286	MLXIPL
NANDO:2200286	RFC2
NANDO:2200286	TBL2
NANDO:1200709	CITED2
NANDO:1200709	FLT4
NANDO:1200709	GATA4
NANDO:1200709	GATA5
NANDO:1200709	GATA6
NANDO:1200709	GDF1
NANDO:1200709	GJA5
NANDO:1200709	JAG1
NANDO:1200709	NKX2-5
NANDO:1200709	NKX2-6
NANDO:1200709	TBX1
NANDO:1200709	ZFPM2
NANDO:1200669	FGFR2
NANDO:1200117	NEU1
NANDO:1200115	HYAL1
NANDO:1200112	GUSB
NANDO:1200630	EBP
NANDO:1200110	ARSB
NANDO:1200111	GUSB
NANDO:1200955	EPM2A
NANDO:1200955	NHLRC1
NANDO:1200118	NEU1
NANDO:1200119	CTSA
NANDO:2200577	PEX7
NANDO:2200577	PHYH
NANDO:2200770	IFNAR2
NANDO:2200770	STAT2
NANDO:2200573	CLN6
NANDO:2200573	CLN8
NANDO:2200573	CTSD
NANDO:2200573	MFSD8
NANDO:2200573	TPP1
NANDO:2200571	CTNS
NANDO:2200570	LIPA
NANDO:1200536	PANK2
NANDO:2200275	GATA6
NANDO:2200275	NKX2-5
NANDO:2200275	NKX2-6
NANDO:2200275	TBX1
NANDO:2200611	SERPINA1
NANDO:2200579	ATP7B
NANDO:2200495	MCCC1
NANDO:2200495	MCCC2
NANDO:2200696	ADA
NANDO:2200697	ADA
NANDO:2200697	CHD7
NANDO:2200697	DCLRE1C
NANDO:2200697	IL2RG
NANDO:2200697	IL7R
NANDO:2200697	LIG4
NANDO:2200697	RAG1
NANDO:2200697	RAG2
NANDO:2200697	RMRP
NANDO:2200694	IL2RG
NANDO:2200695	AK2
NANDO:1200122	CTSA
NANDO:2200757	CYBA
NANDO:2200757	CYBB
NANDO:2200757	CYBC1
NANDO:2200757	NCF1
NANDO:2200757	NCF2
NANDO:2200757	NCF4
NANDO:2200756	DNAJC21
NANDO:2200756	EFL1
NANDO:2200756	SBDS
NANDO:2200756	SRP54
NANDO:1200136	NAGA
NANDO:2200026	BCL2
NANDO:2200026	BCL6
NANDO:2200026	HLA-DRB1
NANDO:2200026	IGH
NANDO:2200753	WAS
NANDO:2200752	LAMTOR2
NANDO:2200698	PNP
NANDO:2200022	ABL1
NANDO:2200022	AFF1
NANDO:2200022	AUTS2
NANDO:2200022	BCR
NANDO:2200022	CDKN2A
NANDO:2200022	ETV6
NANDO:2200022	FLT3
NANDO:2200022	FOXP1
NANDO:2200022	GATA3
NANDO:2200022	HLA-C
NANDO:2200022	HLF
NANDO:2200022	IGH
NANDO:2200022	IKZF1
NANDO:2200022	KMT2A
NANDO:2200022	PAX5
NANDO:2200022	PBX1
NANDO:2200022	PDGFRA
NANDO:2200022	PIP4K2A
NANDO:2200022	RUNX1
NANDO:2200022	TCF3
NANDO:2200022	TP53
NANDO:2200454	NLRP12
NANDO:2200454	NLRP3
NANDO:2200498	HMGCS2
NANDO:2200456	RBCK1
NANDO:2201069	HNF4A
NANDO:2200599	ALDH5A1
NANDO:2200598	ABAT
NANDO:2200452	IL36RN
NANDO:2200453	LPIN2
NANDO:1200417	ABCA3
NANDO:1200417	ATP11A
NANDO:1200417	DPP9
NANDO:1200417	DSP
NANDO:1200417	FAM13A
NANDO:1200417	MUC5B
NANDO:1200417	PARN
NANDO:1200417	RTEL1
NANDO:1200417	SFTPA1
NANDO:1200417	SFTPA2
NANDO:1200417	SFTPC
NANDO:1200417	STN1
NANDO:1200417	TERC
NANDO:1200417	TERT
NANDO:1200415	BTNL2
NANDO:1200415	HLA-DRB1
NANDO:2200596	DDC
NANDO:2200590	UMPS
NANDO:1200410	AAAS
NANDO:1200410	GMPPA
NANDO:1200410	TRAPPC11
NANDO:1200794	MMUT
NANDO:1200795	MMAA
NANDO:1200796	MMAB
NANDO:1200797	MMADHC
NANDO:1200790	HPD
NANDO:1200791	BCKDHA
NANDO:1200791	BCKDHB
NANDO:1200791	DBT
NANDO:1200791	DLD
NANDO:1200792	PCCA
NANDO:1200792	PCCB
NANDO:2201003	NF1
NANDO:1200559	PLXND1
NANDO:1200559	REV3L
NANDO:1200798	IVD
NANDO:1200799	SLC2A1
NANDO:2200228	SCN5A
NANDO:2200088	RELA
NANDO:2200059	COL1A1
NANDO:2200059	PDGFB
NANDO:1200557	GFAP
NANDO:2200050	EXT1
NANDO:2200053	ERG
NANDO:2200053	ETV1
NANDO:2200053	ETV4
NANDO:2200053	EWSR1
NANDO:2200053	FLI1
NANDO:2200055	FLI1
NANDO:1200214	TTR
NANDO:1200934	RP1L1
NANDO:1200936	CNGB3
NANDO:1200936	GNAT2
NANDO:1200936	GUCA1A
NANDO:1200936	PDE6C
NANDO:1200937	ABCA4
NANDO:1200937	ADAM9
NANDO:1200937	AIPL1
NANDO:1200937	ATF6
NANDO:1200937	CACNA1F
NANDO:1200937	CACNA2D4
NANDO:1200937	CDHR1
NANDO:1200937	CFAP410
NANDO:1200937	CNGA3
NANDO:1200937	CRX
NANDO:1200937	DRAM2
NANDO:1200937	GUCA1A
NANDO:1200937	GUCY2D
NANDO:1200937	NMNAT1
NANDO:1200937	OPN1LW
NANDO:1200937	OPN1MW
NANDO:1200937	PITPNM3
NANDO:1200937	POC1B
NANDO:1200937	PROM1
NANDO:1200937	PRPH2
NANDO:1200937	RAB28
NANDO:1200937	RAX2
NANDO:1200937	RIMS1
NANDO:1200937	RPGR
NANDO:1200937	RPGRIP1
NANDO:1200937	SEMA4A
NANDO:1200937	TTLL5
NANDO:1200937	UNC119
NANDO:2200728	PRF1
NANDO:1200933	ABCA4
NANDO:1200933	CNGB3
NANDO:1200933	ELOVL4
NANDO:1200933	PROM1
NANDO:1200933	PRPH2
NANDO:1200835	ENO3
NANDO:1200834	ALDOA
NANDO:1200837	GYG1
NANDO:1200836	PGM1
NANDO:1200938	RS1
NANDO:1200939	GUCA1A
NANDO:1200939	GUCY2D
NANDO:1200939	PRPH2
NANDO:1200833	LDHA
NANDO:1200553	NTRK1
NANDO:1200260	PTPN22
NANDO:2200934	PKHD1
NANDO:2201064	HLA-B
NANDO:2201064	IL12B
NANDO:2201064	MLX
NANDO:2200930	GPC1
NANDO:2200622	ANK1
NANDO:2200622	EPB42
NANDO:2200622	SLC4A1
NANDO:2200622	SPTA1
NANDO:2200622	SPTB
NANDO:2200624	HBB
NANDO:1200242	AP1S3
NANDO:1200242	IL36RN
NANDO:2201056	ANKRD55
NANDO:2201056	CD247
NANDO:2201056	IL2RA
NANDO:2201056	IL2RB
NANDO:2201056	PTPN2
NANDO:2201056	PTPN22
NANDO:2201056	STAT4
NANDO:1200240	AP1S3
NANDO:1200240	IL36RN
NANDO:1200241	AP1S3
NANDO:1200241	IL36RN
NANDO:2201358	NSDHL
NANDO:2200373	CYP17A1
NANDO:1200244	IL36RN
NANDO:2201050	AVP
NANDO:1200563	AKT3
NANDO:1200563	PIK3CA
NANDO:1200561	ARNT2
NANDO:1200561	FGFR1
NANDO:1200561	HESX1
NANDO:1200561	OTX2
NANDO:1200561	PROKR2
NANDO:1200561	SOX2
NANDO:1200561	SOX3
NANDO:1200560	ARNT2
NANDO:1200560	FGFR1
NANDO:1200560	HESX1
NANDO:1200560	OTX2
NANDO:1200560	PROKR2
NANDO:1200560	SOX2
NANDO:1200560	SOX3
NANDO:2201350	COL2A1
NANDO:2201352	COL2A1
NANDO:2201353	COL2A1
NANDO:1200848	PHKB
NANDO:1200849	PHKG2
NANDO:2200341	THRB
NANDO:2201219	GALC
NANDO:1200844	AGL
NANDO:1200845	AGL
NANDO:1200846	PYGL
NANDO:1200847	PHKA2
NANDO:1200990	AUH
NANDO:1200012	HTT
NANDO:1200012	SLC2A3
NANDO:2200567	GNPTAB
NANDO:2200478	CPS1
NANDO:1200304	CTC1
NANDO:1200304	DKC1
NANDO:1200304	NHP2
NANDO:1200304	NOP10
NANDO:1200304	NPM1
NANDO:1200304	PARN
NANDO:1200304	RTEL1
NANDO:1200304	TERC
NANDO:1200304	TINF2
NANDO:1200304	USB1
NANDO:1200304	WRAP53
NANDO:1200303	BRCA1
NANDO:1200303	BRCA2
NANDO:1200303	BRIP1
NANDO:1200303	ERCC4
NANDO:1200303	FANCA
NANDO:1200303	FANCB
NANDO:1200303	FANCC
NANDO:1200303	FANCD2
NANDO:1200303	FANCE
NANDO:1200303	FANCF
NANDO:1200303	FANCG
NANDO:1200303	FANCI
NANDO:1200303	FANCL
NANDO:1200303	FANCM
NANDO:1200303	MAD2L2
NANDO:1200303	PALB2
NANDO:1200303	RAD51
NANDO:1200303	RAD51C
NANDO:1200303	RFWD3
NANDO:1200303	SLX4
NANDO:1200303	UBE2T
NANDO:1200303	XRCC2
NANDO:2200669	P2RY12
NANDO:2200569	GAA
NANDO:2201290	TUBB4A
NANDO:2201290	UFM1
NANDO:2200803	CD46
NANDO:1200538	PLA2G6
NANDO:2200801	CR2
NANDO:2201348	COL2A1
NANDO:2200804	CD59
NANDO:2201211	GBA
NANDO:2200808	IRF8
NANDO:2201210	GBA
NANDO:2201210	SCARB2
NANDO:1200014	VPS13A
NANDO:2200772	TBK1
NANDO:2200772	TICAM1
NANDO:2200772	TLR3
NANDO:2200772	TRAF3
NANDO:2200772	UNC93B1
NANDO:1201010	CAV1
NANDO:1201010	CCN2
NANDO:1201010	CCR6
NANDO:1201010	HLA-DRB1
NANDO:1201010	IRF5
NANDO:1201011	CAV1
NANDO:1201011	CCN2
NANDO:1201011	CCR6
NANDO:1201011	HLA-DRB1
NANDO:1201011	IRF5
NANDO:1201011	KIAA0319L
NANDO:2201125	GCDH
NANDO:2201105	MMAA
NANDO:2201212	GBA
NANDO:1201019	AGL
NANDO:2201059	LTA
NANDO:1200746	CSF2RA
NANDO:1200746	CSF2RB
NANDO:1200744	ACVRL1
NANDO:1200744	ENG
NANDO:1200744	GDF2
NANDO:1200744	SMAD4
NANDO:1200668	FGFR1
NANDO:1200668	FGFR2
NANDO:1200742	AQP2
NANDO:1200742	AVPR2
NANDO:1200664	BAZ1B
NANDO:1200664	CLIP2
NANDO:1200664	ELN
NANDO:1200664	GTF2I
NANDO:1200664	GTF2IRD1
NANDO:1200664	LIMK1
NANDO:1200664	MLXIPL
NANDO:1200664	RFC2
NANDO:1200664	TBL2
NANDO:1200665	ATRX
NANDO:1200666	ERF
NANDO:1200666	FGFR2
NANDO:1200667	FGFR2
NANDO:2200249	GJA1
NANDO:2200800	THBD
NANDO:1200662	CC2D2A
NANDO:1200662	CEP290
NANDO:1200662	TMEM138
NANDO:1200662	TMEM216
NANDO:1200662	TMEM231
NANDO:1200662	TMEM237
NANDO:1200662	ZNF423
NANDO:1200395	THRB
NANDO:2200476	AMT
NANDO:2200476	GCSH
NANDO:2200476	GLDC
NANDO:1200158	GLA
NANDO:1200159	GLA
NANDO:1200225	NF1
NANDO:2200477	NAGS
NANDO:1200152	PPT1
NANDO:1200153	TPP1
NANDO:1200150	CLN6
NANDO:1200150	CLN8
NANDO:1200150	CTSD
NANDO:1200150	MFSD8
NANDO:1200150	TPP1
NANDO:1200156	CLN6
NANDO:1200156	CLN8
NANDO:1200156	CTSD
NANDO:1200156	MFSD8
NANDO:1200156	TPP1
NANDO:1200157	GLA
NANDO:1200398	HSD3B2
NANDO:1200399	CYP21A2
NANDO:1200148	SLC17A5
NANDO:1200016	DNM2
NANDO:1200016	FGD4
NANDO:1200016	GDAP1
NANDO:1200016	MPZ
NANDO:1200016	YARS1
NANDO:1200015	XK
NANDO:2201225	ASAH1
NANDO:2200472	PEPD
NANDO:1200394	ABCG5
NANDO:1200394	ABCG8
NANDO:1200394	APOB
NANDO:1200394	LDLR
NANDO:1200394	LDLRAP1
NANDO:1200394	PCSK9
NANDO:2200896	RNASEH2A
NANDO:1200535	PANK2
NANDO:2201224	ASAH1
NANDO:2200231	ACTC1
NANDO:2200231	DTNA
NANDO:2200231	LDB3
NANDO:2200231	LMNA
NANDO:2200231	MIB1
NANDO:2200231	MIB2
NANDO:2200231	MYBPC3
NANDO:2200231	MYH7
NANDO:2200231	MYH7B
NANDO:2200231	PKP2
NANDO:2200231	PLEKHM2
NANDO:2200231	PRDM16
NANDO:2200231	TNNT2
NANDO:2200231	TPM1
NANDO:2200232	BAG3
NANDO:2200232	DES
NANDO:2200232	FLNC
NANDO:2200232	LMNA
NANDO:2200232	MYH7
NANDO:2200232	RBM20
NANDO:2200232	SCN5A
NANDO:2200232	TNNC1
NANDO:2200232	TNNT2
NANDO:2200232	TTN
NANDO:2200897	SAMHD1
NANDO:2201220	ASAH1
NANDO:2201221	ASAH1
NANDO:2201222	ASAH1
NANDO:2201223	ASAH1
NANDO:2200331	FOXE1
NANDO:2200331	NKX2-1
NANDO:2200331	PAX8
NANDO:2200331	SLC26A4
NANDO:2200331	TSHR
NANDO:2200330	PAX8
NANDO:1200065	NPC1
NANDO:1200065	NPC2
NANDO:2200898	ADAR
NANDO:2201229	GAA
NANDO:2201298	SOX10
NANDO:2200061	SS18
NANDO:2200061	SSX1
NANDO:2200061	SSX2
NANDO:2200792	COLEC10
NANDO:2200792	COLEC11
NANDO:2200792	MASP1
NANDO:2200063	ASPSCR1
NANDO:2200063	TFE3
NANDO:1200599	PCDH19
NANDO:2200797	CFB
NANDO:2200795	SERPING1
NANDO:1200592	ARX
NANDO:1200592	CDKL5
NANDO:1200592	CNPY3
NANDO:1200592	GRIN2B
NANDO:1200592	GUF1
NANDO:1200592	NTRK2
NANDO:1200592	PHACTR1
NANDO:1200592	PIGA
NANDO:1200592	PLCB1
NANDO:1200592	SCN2A
NANDO:1200592	SIK1
NANDO:1200592	SPTAN1
NANDO:1200592	ST3GAL3
NANDO:1200592	STXBP1
NANDO:1200592	WDR45
NANDO:1200593	ARX
NANDO:1200593	CASK
NANDO:1200593	CDKL5
NANDO:1200593	DMXL2
NANDO:1200593	GABRA1
NANDO:1200593	GABRB3
NANDO:1200593	GNAO1
NANDO:1200593	KCNA1
NANDO:1200593	NEUROD2
NANDO:1200593	PIGP
NANDO:1200593	PIGQ
NANDO:1200593	PNKP
NANDO:1200593	SCN1B
NANDO:1200593	SCN2A
NANDO:1200593	SIK1
NANDO:1200593	SLC25A22
NANDO:1200593	STXBP1
NANDO:1200593	TRIM8
NANDO:1200590	AP2M1
NANDO:1200590	CHD2
NANDO:1200590	SLC6A1
NANDO:2200893	ADAR
NANDO:2200893	IFIH1
NANDO:2200893	RNASEH2A
NANDO:2200893	RNASEH2B
NANDO:2200893	RNASEH2C
NANDO:2200893	SAMHD1
NANDO:2200893	TREX1
NANDO:2200414	ARL6
NANDO:2200414	BBIP1
NANDO:2200414	BBS1
NANDO:2200414	BBS10
NANDO:2200414	BBS12
NANDO:2200414	BBS2
NANDO:2200414	BBS4
NANDO:2200414	BBS5
NANDO:2200414	BBS7
NANDO:2200414	BBS9
NANDO:2200414	CEP290
NANDO:2200414	IFT172
NANDO:2200414	IFT27
NANDO:2200414	LZTFL1
NANDO:2200414	MKKS
NANDO:2200414	MKS1
NANDO:2200414	NPHP1
NANDO:2200414	SDCCAG8
NANDO:2200414	TRIM32
NANDO:2200414	TTC8
NANDO:2200414	WDPCP
NANDO:2200415	IL6
NANDO:2200415	MIF
NANDO:2200140	ADAMTS9
NANDO:2200140	ANKS6
NANDO:2200140	GLIS2
NANDO:2200140	MAPKBP1
NANDO:2200140	NPHP1
NANDO:2200140	NPHP4
NANDO:2200140	WDR19
NANDO:1200595	KCNT1
NANDO:1200595	PLCB1
NANDO:1200595	SCN1A
NANDO:1200595	SLC12A5
NANDO:1200595	SLC25A22
NANDO:1200595	TBC1D24
NANDO:2200030	HAVCR2
NANDO:1200330	WAS
NANDO:1200330	WIPF1
NANDO:1200691	FMR1
NANDO:1200690	FMR1
NANDO:1200692	FMR1
NANDO:2200098	TBXT
NANDO:2200094	AKT1
NANDO:2200094	BAP1
NANDO:2200094	NF2
NANDO:2200094	PDGFB
NANDO:2200094	PIK3CA
NANDO:2200094	SMARCB1
NANDO:2200094	SMARCE1
NANDO:2200094	SMO
NANDO:2200094	SUFU
NANDO:2200094	TRAF7
NANDO:2200335	CTLA4
NANDO:1200436	ABCA4
NANDO:1200436	AGBL5
NANDO:1200436	AHI1
NANDO:1200436	AHR
NANDO:1200436	AIPL1
NANDO:1200436	ARHGEF18
NANDO:1200436	ARL2BP
NANDO:1200436	ARL3
NANDO:1200436	ARL6
NANDO:1200436	BBS2
NANDO:1200436	BEST1
NANDO:1200436	CA4
NANDO:1200436	CDHR1
NANDO:1200436	CERKL
NANDO:1200436	CFAP418
NANDO:1200436	CLRN1
NANDO:1200436	CNGA1
NANDO:1200436	CNGB1
NANDO:1200436	CRB1
NANDO:1200436	CRX
NANDO:1200436	DHDDS
NANDO:1200436	DHX38
NANDO:1200436	EYS
NANDO:1200436	FAM161A
NANDO:1200436	FSCN2
NANDO:1200436	GUCA1B
NANDO:1200436	HGSNAT
NANDO:1200436	IDH3A
NANDO:1200436	IDH3B
NANDO:1200436	IFT140
NANDO:1200436	IFT172
NANDO:1200436	IFT88
NANDO:1200436	IMPDH1
NANDO:1200436	IMPG2
NANDO:1200436	KIAA1549
NANDO:1200436	KIZ
NANDO:1200436	KLHL7
NANDO:1200436	LRAT
NANDO:1200436	MAK
NANDO:1200436	MERTK
NANDO:1200436	NEK2
NANDO:1200436	NR2E3
NANDO:1200436	NRL
NANDO:1200436	OFD1
NANDO:1200436	PCARE
NANDO:1200436	PDE6A
NANDO:1200436	PDE6B
NANDO:1200436	PDE6G
NANDO:1200436	POMGNT1
NANDO:1200436	PRCD
NANDO:1200436	PROM1
NANDO:1200436	PRPF3
NANDO:1200436	PRPF31
NANDO:1200436	PRPF4
NANDO:1200436	PRPF6
NANDO:1200436	PRPF8
NANDO:1200436	PRPH2
NANDO:1200436	RBP3
NANDO:1200436	RDH12
NANDO:1200436	REEP6
NANDO:1200436	RGR
NANDO:1200436	RHO
NANDO:1200436	RLBP1
NANDO:1200436	ROM1
NANDO:1200436	RP1
NANDO:1200436	RP1L1
NANDO:1200436	RP2
NANDO:1200436	RP9
NANDO:1200436	RPE65
NANDO:1200436	RPGR
NANDO:1200436	SAG
NANDO:1200436	SCAPER
NANDO:1200436	SEMA4A
NANDO:1200436	SLC7A14
NANDO:1200436	SNRNP200
NANDO:1200436	SPATA7
NANDO:1200436	TOPORS
NANDO:1200436	TTC8
NANDO:1200436	TUB
NANDO:1200436	TULP1
NANDO:1200436	USH2A
NANDO:1200436	ZNF408
NANDO:1200436	ZNF513
NANDO:2200090	BRCA2
NANDO:2200090	CTNNB1
NANDO:2200090	PTCH2
NANDO:2200090	SUFU
NANDO:2200091	BRAF
NANDO:2200091	CTNNB1
NANDO:2200093	TP53
NANDO:2200487	CLTRN
NANDO:2200487	SLC6A19
NANDO:2200486	OAT
NANDO:1200086	ASAH1
NANDO:1200087	ASAH1
NANDO:1200080	ARSA
NANDO:1200080	PSAP
NANDO:2200482	ARG1
NANDO:2200481	ASL
NANDO:2200480	ASS1
NANDO:2200525	MT-CO1
NANDO:2200525	MT-CO2
NANDO:2200525	MT-CO3
NANDO:2200525	MT-CYB
NANDO:2200525	MT-ND1
NANDO:2200525	MT-ND4
NANDO:2200525	MT-ND5
NANDO:2200525	MT-ND6
NANDO:2200525	MT-TC
NANDO:2200525	MT-TF
NANDO:2200525	MT-TH
NANDO:2200525	MT-TK
NANDO:2200525	MT-TL1
NANDO:2200525	MT-TQ
NANDO:2200525	MT-TS1
NANDO:2200525	MT-TS2
NANDO:2200525	MT-TV
NANDO:2200525	MT-TW
NANDO:2200526	MT-ND5
NANDO:2200526	MT-RNR1
NANDO:2200526	MT-TF
NANDO:2200526	MT-TH
NANDO:2200526	MT-TI
NANDO:2200526	MT-TK
NANDO:2200526	MT-TL1
NANDO:2200526	MT-TP
NANDO:2200526	MT-TQ
NANDO:2200526	MT-TS1
NANDO:2200526	MT-TS2
NANDO:2200527	COX10
NANDO:2200527	COX15
NANDO:2200527	EARS2
NANDO:2200527	ETHE1
NANDO:2200527	FBXL4
NANDO:2200527	LRPPRC
NANDO:2200527	MTFMT
NANDO:2200527	NDUFAF2
NANDO:2200527	NDUFAF6
NANDO:2200527	NDUFS1
NANDO:2200527	NDUFS4
NANDO:2200527	NDUFV1
NANDO:2200527	PDHA1
NANDO:2200527	SCO2
NANDO:2200527	SDHA
NANDO:2200527	SERAC1
NANDO:2200527	SLC19A3
NANDO:2200527	SUCLA2
NANDO:2200527	SURF1
NANDO:2200527	TTC19
NANDO:1200088	ASAH1
NANDO:1200089	ASAH1
NANDO:2200489	SLC3A1
NANDO:2200489	SLC7A9
NANDO:2200488	SLC7A7
NANDO:1200871	ACVR1
NANDO:1200875	FGFR3
NANDO:1200877	FGFR3
NANDO:2200060	ETV6
NANDO:2200060	NTRK3
NANDO:2200667	TUBB1
NANDO:2200665	ACTN1
NANDO:2200664	ITGA2B
NANDO:2200664	ITGB3
NANDO:2200663	ANKRD26
NANDO:2200791	CFH
NANDO:2200661	RBM8A
NANDO:2200660	HOXA11
NANDO:2200660	MECOM
NANDO:1200286	ACTC1
NANDO:1200286	MYH7
NANDO:1200286	MYL3
NANDO:1200286	PRKAG2
NANDO:1200286	TNNI3
NANDO:1200286	TNNT2
NANDO:1200286	TPM1
NANDO:2200705	ATM
NANDO:1200284	C4A
NANDO:1200284	CCR1
NANDO:1200284	ERAP1
NANDO:1200284	FAS
NANDO:1200284	HLA-B
NANDO:1200284	IL10
NANDO:1200284	IL12A
NANDO:1200284	IL12A-AS1
NANDO:1200284	IL23R
NANDO:1200284	KLRC4
NANDO:1200284	MEFV
NANDO:1200284	STAT4
NANDO:1200284	TLR4
NANDO:1200284	UBAC2
NANDO:2200707	BLM
NANDO:2200469	TAT
NANDO:2200701	B2M
NANDO:2200701	TAP1
NANDO:2200701	TAP2
NANDO:2200701	TAPBP
NANDO:2200702	CIITA
NANDO:2200702	RFX5
NANDO:2200702	RFXANK
NANDO:2200702	RFXAP
NANDO:1200401	CYP17A1
NANDO:2200465	AGPAT2
NANDO:2200465	BSCL2
NANDO:2200465	CAV1
NANDO:2200465	CAVIN1
NANDO:2200465	FOS
NANDO:2200465	PPARG
NANDO:1200526	ATP1A3
NANDO:1200525	ATP1A2
NANDO:1200525	ATP1A3
NANDO:1200525	CACNA1A
NANDO:1200525	SLC1A3
NANDO:1200524	ATP1A3
NANDO:2200461	ABCC8
NANDO:2200461	AKT2
NANDO:2200461	ENPP1
NANDO:2200461	GCK
NANDO:2200461	GPD2
NANDO:2200461	HMGA1
NANDO:2200461	HNF1A
NANDO:2200461	HNF1B
NANDO:2200461	HNF4A
NANDO:2200461	IGF2BP2
NANDO:2200461	IL6
NANDO:2200461	IRS1
NANDO:2200461	IRS2
NANDO:2200461	KCNJ11
NANDO:2200461	LIPC
NANDO:2200461	MAPK8IP1
NANDO:2200461	MTNR1B
NANDO:2200461	NEUROD1
NANDO:2200461	PAX4
NANDO:2200461	PDX1
NANDO:2200461	PPARG
NANDO:2200461	PPP1R3A
NANDO:2200461	PTPN1
NANDO:2200461	RETN
NANDO:2200461	SLC2A2
NANDO:2200461	SLC30A8
NANDO:2200461	TCF7L2
NANDO:2200461	WFS1
NANDO:1200522	DRD2
NANDO:1200522	KCTD17
NANDO:1200522	SGCE
NANDO:1200522	TOR1A
NANDO:1200288	ACTC1
NANDO:1200288	MYH7
NANDO:1200288	MYL3
NANDO:1200288	PRKAG2
NANDO:1200288	TNNI3
NANDO:1200288	TNNT2
NANDO:1200288	TPM1
NANDO:2200462	ABCC8
NANDO:2200462	APPL1
NANDO:2200462	BLK
NANDO:2200462	CEL
NANDO:2200462	GCK
NANDO:2200462	HNF1A
NANDO:2200462	HNF4A
NANDO:2200462	INS
NANDO:2200462	KCNJ11
NANDO:2200462	KLF11
NANDO:2200462	NEUROD1
NANDO:2200462	PAX4
NANDO:2200462	PDX1
NANDO:1200440	GPR35
NANDO:1200440	MST1
NANDO:1200440	TCF4
NANDO:2200662	RUNX1
NANDO:1200404	NR0B1
NANDO:1200886	CDAN1
NANDO:1200887	SEC23B
NANDO:1200142	LIPA
NANDO:1200405	NR5A1
NANDO:1200580	SLC16A2
NANDO:1200406	CDKN1C
NANDO:1200406	POLE
NANDO:2200411	HERC2
NANDO:2200411	IPW
NANDO:2200411	MAGEL2
NANDO:2200411	MKRN3
NANDO:2200411	MKRN3-AS1
NANDO:2200411	NDN
NANDO:2200411	NPAP1
NANDO:2200411	PWAR1
NANDO:2200411	PWRN1
NANDO:2200411	SNORD115-1
NANDO:2200411	SNORD116-1
NANDO:2200411	SNRPN
NANDO:1200583	POLR3A
NANDO:2200969	TGFBR1
NANDO:2200969	TGFBR2
NANDO:2200412	GNAS
NANDO:2201066	NLRP3
NANDO:2200413	A2ML1
NANDO:2200413	CBL
NANDO:2200413	KRAS
NANDO:2200413	LZTR1
NANDO:2200413	MRAS
NANDO:2200413	NRAS
NANDO:2200413	PTPN11
NANDO:2200413	RAF1
NANDO:2200413	RASA2
NANDO:2200413	RIT1
NANDO:2200413	RRAS
NANDO:2200413	RRAS2
NANDO:2200413	SOS1
NANDO:2200413	SOS2
NANDO:1200908	ECE1
NANDO:1200908	EDN3
NANDO:1200908	EDNRB
NANDO:1200908	GDNF
NANDO:1200908	NRTN
NANDO:1200908	RET
NANDO:1200908	SEMA3C
NANDO:1200908	SEMA3D
NANDO:1200905	ECE1
NANDO:1200905	EDN3
NANDO:1200905	EDNRB
NANDO:1200905	GDNF
NANDO:1200905	NRTN
NANDO:1200905	RET
NANDO:1200905	SEMA3C
NANDO:1200905	SEMA3D
NANDO:1200904	ECE1
NANDO:1200904	EDN3
NANDO:1200904	EDNRB
NANDO:1200904	GDNF
NANDO:1200904	NRTN
NANDO:1200904	RET
NANDO:1200904	SEMA3C
NANDO:1200904	SEMA3D
NANDO:1200907	ECE1
NANDO:1200907	EDN3
NANDO:1200907	EDNRB
NANDO:1200907	GDNF
NANDO:1200907	NRTN
NANDO:1200907	RET
NANDO:1200907	SEMA3C
NANDO:1200907	SEMA3D
NANDO:1200906	ECE1
NANDO:1200906	EDN3
NANDO:1200906	EDNRB
NANDO:1200906	GDNF
NANDO:1200906	NRTN
NANDO:1200906	RET
NANDO:1200906	SEMA3C
NANDO:1200906	SEMA3D
NANDO:2200371	HSD3B2
NANDO:1200903	ECE1
NANDO:1200903	EDN3
NANDO:1200903	EDNRB
NANDO:1200903	GDNF
NANDO:1200903	NRTN
NANDO:1200903	RET
NANDO:1200903	SEMA3C
NANDO:1200903	SEMA3D
NANDO:2200847	MEGF8
NANDO:2200847	RAB23
NANDO:1200185	ACTA2
NANDO:1200185	RNF213
NANDO:2200845	ERF
NANDO:2200845	FGFR2
NANDO:2200844	FGFR2
NANDO:2200968	FBN1
NANDO:2200416	BANK1
NANDO:2200416	BLK
NANDO:2200416	C4A
NANDO:2200416	C4B
NANDO:2200416	CR2
NANDO:2200416	CTLA4
NANDO:2200416	DNASE1
NANDO:2200416	ETS1
NANDO:2200416	FCGR2A
NANDO:2200416	FCGR2B
NANDO:2200416	FCGR3B
NANDO:2200416	HLA-DRB1
NANDO:2200416	IL10
NANDO:2200416	IRAK1
NANDO:2200416	IRF5
NANDO:2200416	ITGAM
NANDO:2200416	JAZF1
NANDO:2200416	KIAA0319L
NANDO:2200416	MECP2
NANDO:2200416	PDCD1
NANDO:2200416	PTPN22
NANDO:2200416	PXK
NANDO:2200416	SPP1
NANDO:2200416	STAT4
NANDO:2200416	TNFAIP3
NANDO:2200416	TNFSF4
NANDO:2200416	TNIP1
NANDO:2200416	TREX1
NANDO:2200416	UBE2L3
NANDO:1200184	ACTA2
NANDO:1200184	RNF213
NANDO:2200965	GATA1
NANDO:2200967	BRAF
NANDO:2200967	KRAS
NANDO:2200967	MAP2K1
NANDO:2200967	MAP2K2
NANDO:2200960	SNRPN
NANDO:2200960	UBE3A
NANDO:2200961	CTNND2
NANDO:2200961	SEMA5A
NANDO:2200962	CPLX1
NANDO:2200962	CTBP1
NANDO:2200962	FGFRL1
NANDO:2200962	LETM1
NANDO:2200962	NELFA
NANDO:2200962	NSD2
NANDO:2200848	FGFR2
NANDO:2200848	FGFR3
NANDO:2200848	TWIST1
NANDO:2201167	PHKA1
NANDO:2201167	PHKG1
NANDO:2201166	PHKG2
NANDO:1200239	FERMT1
NANDO:1200238	COL7A1
NANDO:1200238	MMP1
NANDO:2201163	GBE1
NANDO:2201009	FGFR3
NANDO:2201161	GBE1
NANDO:2201160	GBE1
NANDO:2201004	HPGD
NANDO:2201004	SLCO2A1
NANDO:2201006	HLA-A
NANDO:2201006	HLA-B
NANDO:2201006	IKZF1
NANDO:2200628	PKLR
NANDO:1200236	LAMA3
NANDO:1200236	LAMB3
NANDO:1200236	LAMC2
NANDO:2201002	DDB2
NANDO:2201002	ERCC2
NANDO:2201002	ERCC3
NANDO:2201002	ERCC4
NANDO:2201002	ERCC5
NANDO:2201002	XPA
NANDO:2201002	XPC
NANDO:1200180	ELAC2
NANDO:1200180	FOXRED1
NANDO:1200180	MT-ND1
NANDO:1200180	MT-ND2
NANDO:1200180	MT-ND3
NANDO:1200180	NDUFA1
NANDO:1200180	NDUFA11
NANDO:1200180	NDUFA6
NANDO:1200180	NDUFAF1
NANDO:1200180	NDUFAF2
NANDO:1200180	NDUFAF3
NANDO:1200180	NDUFAF4
NANDO:1200180	NDUFAF5
NANDO:1200180	NDUFAF8
NANDO:1200180	NDUFB10
NANDO:1200180	NDUFB11
NANDO:1200180	NDUFB3
NANDO:1200180	NDUFB9
NANDO:1200180	NDUFS1
NANDO:1200180	NDUFS2
NANDO:1200180	NDUFS3
NANDO:1200180	NDUFS4
NANDO:1200180	NDUFS6
NANDO:1200180	NDUFS7
NANDO:1200180	NDUFS8
NANDO:1200180	NDUFV1
NANDO:1200180	NDUFV2
NANDO:1200180	NUBPL
NANDO:1200180	TIMMDC1
NANDO:1200180	TMEM126B
NANDO:2201365	SLC29A3
NANDO:2201365	TCIRG1
NANDO:2201365	TNFRSF11A
NANDO:2201364	LEMD3
NANDO:2201364	MAP2K1
NANDO:2201367	SFRP4
NANDO:2201366	ANKH
NANDO:2201366	GJA1
NANDO:2201361	LBR
NANDO:2201360	ARSL
NANDO:1200585	POLR3A
NANDO:1200585	POLR3B
NANDO:1200970	CPT1A
NANDO:1200971	CPT2
NANDO:1200972	SLC25A20
NANDO:1200973	SLC22A5
NANDO:1200974	HADHA
NANDO:1200974	HADHB
NANDO:2201368	SOST
NANDO:1200977	HADHA
NANDO:1200977	HADHB
NANDO:1200620	ALDH3A2
NANDO:1200621	GJB2
NANDO:1200621	GJB6
NANDO:1200622	ABHD5
NANDO:1200623	ABHD5
NANDO:2200362	HSD11B2
NANDO:2201188	MAN2B1
NANDO:1200627	ERCC2
NANDO:1200627	ERCC3
NANDO:1200627	GTF2E2
NANDO:1200627	GTF2H5
NANDO:1200627	MPLKIP
NANDO:1200627	RNF113A
NANDO:1200627	TARS1
NANDO:1200629	NSDHL
NANDO:1200057	GBA
NANDO:1200057	SCARB2
NANDO:1200056	GBA
NANDO:1200358	MPO
NANDO:2201288	PLP1
NANDO:1200051	APTX
NANDO:1200050	TTPA
NANDO:1200354	ELANE
NANDO:1200356	DNAJC21
NANDO:1200356	EFL1
NANDO:1200356	SBDS
NANDO:1200356	SRP54
NANDO:1200357	CYBA
NANDO:1200357	CYBB
NANDO:1200357	CYBC1
NANDO:1200357	NCF1
NANDO:1200357	NCF2
NANDO:1200357	NCF4
NANDO:1200350	LYST
NANDO:1200352	CASP10
NANDO:1200352	FAS
NANDO:1200352	FASLG
NANDO:1200352	PRKCD
NANDO:1200352	RASGRP1
NANDO:1200058	GBA
NANDO:2201269	ALAS2
NANDO:2200714	SP110
NANDO:2201260	COL1A1
NANDO:2201260	COL1A2
NANDO:2201261	ADAMTS2
NANDO:2201262	CHST14
NANDO:2201262	DSE
NANDO:2201263	HMBS
NANDO:2201264	CPOX
NANDO:2201265	HFE
NANDO:2201265	PPOX
NANDO:2201266	FECH
NANDO:2200990	KRT2
NANDO:2200993	SPINK5
NANDO:2200992	ABCA12
NANDO:2200994	ALDH3A2
NANDO:2200997	ABHD5
NANDO:2200996	GJB2
NANDO:2200996	GJB6
NANDO:2200999	MBTPS2
NANDO:2200998	NSDHL
NANDO:1201027	C4A
NANDO:1201027	CCR1
NANDO:1201027	ERAP1
NANDO:1201027	FAS
NANDO:1201027	HLA-B
NANDO:1201027	IL10
NANDO:1201027	IL12A
NANDO:1201027	IL12A-AS1
NANDO:1201027	IL23R
NANDO:1201027	KLRC4
NANDO:1201027	MEFV
NANDO:1201027	STAT4
NANDO:1201027	TLR4
NANDO:1201027	UBAC2
NANDO:2200866	LMNA
NANDO:1201021	CFTR
NANDO:1201021	CLCA4
NANDO:1201021	DCTN4
NANDO:1201021	FCGR2A
NANDO:1201021	STX1A
NANDO:1201021	TGFB1
NANDO:2201113	PCCA
NANDO:2201113	PCCB
NANDO:1200497	CLCN1
NANDO:2200514	ACADS
NANDO:1200494	FKTN
NANDO:2200739	ITCH
NANDO:2200510	CPT2
NANDO:2200513	ACADM
NANDO:2200512	ACADVL
NANDO:2201283	NCF4
NANDO:2200519	PC
NANDO:1200711	MYH7
NANDO:1200499	CLCN1
NANDO:1200498	CLCN1
NANDO:1200655	ATP7B
NANDO:1200654	ATP7A
NANDO:1200657	HOXD13
NANDO:1200656	ALPL
NANDO:1200651	ADAMTS2
NANDO:1200650	COL1A1
NANDO:1200650	COL1A2
NANDO:1200653	ATP7A
NANDO:1200652	CHST14
NANDO:1200652	DSE
NANDO:1200219	LRP12
NANDO:2200298	BMPR2
NANDO:1200659	EED
NANDO:1200659	EZH2
NANDO:1200659	NSD1
NANDO:1200659	SUZ12
NANDO:1200658	TREM2
NANDO:1200658	TYROBP
NANDO:2200198	ASCL1
NANDO:2200198	BDNF
NANDO:2200198	EDN3
NANDO:2200198	GDNF
NANDO:2200198	MYO1H
NANDO:2200198	PHOX2B
NANDO:2200198	RET
NANDO:1200120	NEU1
NANDO:1200127	MAN2B1
NANDO:1200126	MAN2B1
NANDO:1200125	GNPTAB
NANDO:1200124	GNPTAB
NANDO:2200102	HTRA1
NANDO:2200102	SH3PXD2A
NANDO:1200576	PLP1
NANDO:1200129	MANBA
NANDO:1200128	MAN2B1
NANDO:2200560	ARSA
NANDO:2200562	GBA
NANDO:2200563	GLA
NANDO:2200564	GALC
NANDO:2200565	ASAH1
NANDO:2200566	SUMF1
NANDO:1200698	GDF1
NANDO:1200698	MED13L
NANDO:2200568	GNPTAB
NANDO:2200200	CSF2RA
NANDO:2200200	CSF2RB
NANDO:2200203	CCDC103
NANDO:2200203	CCDC39
NANDO:2200203	CCDC40
NANDO:2200203	CCDC65
NANDO:2200203	CCNO
NANDO:2200203	CFAP221
NANDO:2200203	CFAP298
NANDO:2200203	CFAP300
NANDO:2200203	DNAAF1
NANDO:2200203	DNAAF3
NANDO:2200203	DNAAF4
NANDO:2200203	DNAAF5
NANDO:2200203	DNAH1
NANDO:2200203	DNAH11
NANDO:2200203	DNAH5
NANDO:2200203	DNAH9
NANDO:2200203	DNAI1
NANDO:2200203	DNAI2
NANDO:2200203	DNAJB13
NANDO:2200203	DNAL1
NANDO:2200203	DRC1
NANDO:2200203	FOXJ1
NANDO:2200203	GAS2L2
NANDO:2200203	GAS8
NANDO:2200203	HYDIN
NANDO:2200203	LRRC56
NANDO:2200203	MCIDAS
NANDO:2200203	NEK10
NANDO:2200203	NME8
NANDO:2200203	OFD1
NANDO:2200203	RPGR
NANDO:2200203	RSPH1
NANDO:2200203	RSPH3
NANDO:2200203	RSPH4A
NANDO:2200203	RSPH9
NANDO:2200203	SPAG1
NANDO:2200203	SPEF2
NANDO:2200203	STK36
NANDO:2200203	TTC12
NANDO:2200203	ZMYND10
NANDO:2201216	GALC
NANDO:2201216	PSAP
NANDO:2200205	CFTR
NANDO:2200205	CLCA4
NANDO:2200205	DCTN4
NANDO:2200205	FCGR2A
NANDO:2200205	STX1A
NANDO:2200205	TGFB1
NANDO:2200204	CCDC103
NANDO:2200204	CCDC39
NANDO:2200204	CCDC40
NANDO:2200204	CCDC65
NANDO:2200204	CCNO
NANDO:2200204	CFAP221
NANDO:2200204	CFAP298
NANDO:2200204	CFAP300
NANDO:2200204	DNAAF1
NANDO:2200204	DNAAF3
NANDO:2200204	DNAAF4
NANDO:2200204	DNAAF5
NANDO:2200204	DNAH1
NANDO:2200204	DNAH11
NANDO:2200204	DNAH5
NANDO:2200204	DNAH9
NANDO:2200204	DNAI1
NANDO:2200204	DNAI2
NANDO:2200204	DNAJB13
NANDO:2200204	DNAL1
NANDO:2200204	DRC1
NANDO:2200204	FOXJ1
NANDO:2200204	GAS2L2
NANDO:2200204	GAS8
NANDO:2200204	HYDIN
NANDO:2200204	LRRC56
NANDO:2200204	MCIDAS
NANDO:2200204	NEK10
NANDO:2200204	NME8
NANDO:2200204	OFD1
NANDO:2200204	RPGR
NANDO:2200204	RSPH1
NANDO:2200204	RSPH3
NANDO:2200204	RSPH4A
NANDO:2200204	RSPH9
NANDO:2200204	SPAG1
NANDO:2200204	SPEF2
NANDO:2200204	STK36
NANDO:2200204	TTC12
NANDO:2200204	ZMYND10
NANDO:2201213	GLA
NANDO:2200608	ECM1
NANDO:2200749	USB1
NANDO:1200544	HTRA1
NANDO:1200940	MT-ATP6
NANDO:1200940	MT-CO1
NANDO:1200940	MT-CO3
NANDO:1200940	MT-CYB
NANDO:1200940	MT-ND1
NANDO:1200940	MT-ND2
NANDO:1200940	MT-ND4
NANDO:1200940	MT-ND4L
NANDO:1200940	MT-ND5
NANDO:1200940	MT-ND6
NANDO:1200940	NDUFS2
NANDO:2200740	CASP8
NANDO:2200741	FADD
NANDO:2200743	PRKCD
NANDO:2200744	ACP5
NANDO:2200746	ELANE
NANDO:2200031	BRAF
NANDO:1200408	MC2R
NANDO:1200409	MRAP
NANDO:2200423	HLA-B
NANDO:2200423	IL12B
NANDO:2200423	MLX
NANDO:2200422	C4A
NANDO:2200422	CCR1
NANDO:2200422	ERAP1
NANDO:2200422	FAS
NANDO:2200422	HLA-B
NANDO:2200422	IL10
NANDO:2200422	IL12A
NANDO:2200422	IL12A-AS1
NANDO:2200422	IL23R
NANDO:2200422	KLRC4
NANDO:2200422	MEFV
NANDO:2200422	STAT4
NANDO:2200422	TLR4
NANDO:2200422	UBAC2
NANDO:2200424	CTLA4
NANDO:2200424	HLA-DPA1
NANDO:2200424	HLA-DPB1
NANDO:2200424	PRTN3
NANDO:2200424	PTPN22
NANDO:2200604	MTTP
NANDO:1200400	CYP11B1
NANDO:2200587	APRT
NANDO:1200402	POR
NANDO:1200403	ATP1A2
NANDO:1200403	ATP1A3
NANDO:1200403	CACNA1A
NANDO:1200403	NR0B1
NANDO:1200403	SLC1A3
NANDO:2200582	CP
NANDO:1200362	MYD88
NANDO:2200580	ATP7A
NANDO:2200581	ATP7A
NANDO:1200992	MICOS13
NANDO:1200992	OPA3
NANDO:1200085	SUMF1
NANDO:1200829	PFKM
NANDO:2200485	SLC25A15
NANDO:2200101	SMARCB1
NANDO:2200484	OAT
NANDO:1200827	GBE1
NANDO:1200827	KCNJ2
NANDO:1200827	KCNJ5
NANDO:1200183	ACTA2
NANDO:1200183	RNF213
NANDO:2200586	HPRT1
NANDO:1200766	EHHADH
NANDO:1200766	HSD17B4
NANDO:2200706	NBN
NANDO:2200529	MT-ATP8
NANDO:2200529	MT-TL1
NANDO:2200529	RRM2B
NANDO:1200224	HSPG2
NANDO:1200943	ADGRV1
NANDO:1200943	MYO7A
NANDO:1200943	PDZD7
NANDO:1200943	USH2A
NANDO:1200943	WHRN
NANDO:1200942	CDH23
NANDO:1200942	CIB2
NANDO:1200942	ESPN
NANDO:1200942	MYO7A
NANDO:1200942	PCDH15
NANDO:1200942	USH1C
NANDO:1200942	USH1G
NANDO:2200451	PLCG2
NANDO:1200944	ARSG
NANDO:1200944	CEP78
NANDO:1200944	CLRN1
NANDO:1200944	HARS1
NANDO:1200944	MT-TS2
NANDO:1200828	PYGM
NANDO:2201171	IDS
NANDO:1200826	AGL
NANDO:1200948	ASPA
NANDO:1200824	GYS2
NANDO:1200825	GAA
NANDO:1200822	BTD
NANDO:1200226	NF1
NANDO:1200821	HLCS
NANDO:2200635	HBB
NANDO:1200227	NF2
NANDO:2200630	EPB41
NANDO:2200630	GYPC
NANDO:2200630	SPTA1
NANDO:2200630	SPTB
NANDO:2200738	AIRE
NANDO:2200632	KCNN4
NANDO:2200632	PIEZO1
NANDO:2200632	SLC4A1
NANDO:2201063	HLA-B
NANDO:2201063	IL12B
NANDO:2201063	MLX
NANDO:2200735	CD27
NANDO:1200220	COL12A1
NANDO:1200220	COL6A1
NANDO:1200220	COL6A2
NANDO:1200220	COL6A3
NANDO:2200734	ITK
NANDO:2200736	IL2RA
NANDO:2200731	STXBP2
NANDO:1200272	BANK1
NANDO:1200272	BLK
NANDO:1200272	C4A
NANDO:1200272	C4B
NANDO:1200272	CR2
NANDO:1200272	CTLA4
NANDO:1200272	DNASE1
NANDO:1200272	ETS1
NANDO:1200272	FCGR2A
NANDO:1200272	FCGR2B
NANDO:1200272	FCGR3B
NANDO:1200272	HLA-DRB1
NANDO:1200272	IL10
NANDO:1200272	IRAK1
NANDO:1200272	IRF5
NANDO:1200272	ITGAM
NANDO:1200272	JAZF1
NANDO:1200272	KIAA0319L
NANDO:1200272	MECP2
NANDO:1200272	PDCD1
NANDO:1200272	PTPN22
NANDO:1200272	PXK
NANDO:1200272	SPP1
NANDO:1200272	STAT4
NANDO:1200272	TNFAIP3
NANDO:1200272	TNFSF4
NANDO:1200272	TNIP1
NANDO:1200272	TREX1
NANDO:1200272	UBE2L3
NANDO:2200733	AP3B1
NANDO:2200651	MPL
NANDO:1200574	DCX
NANDO:2201042	ACTC1
NANDO:2201042	MYH7
NANDO:2201042	MYL3
NANDO:2201042	PRKAG2
NANDO:2201042	TNNI3
NANDO:2201042	TNNT2
NANDO:2201042	TPM1
NANDO:2201043	ACTC1
NANDO:2201043	MYH7
NANDO:2201043	MYL3
NANDO:2201043	PRKAG2
NANDO:2201043	TNNI3
NANDO:2201043	TNNT2
NANDO:2201043	TPM1
NANDO:1200479	RYR1
NANDO:1200222	LAMP2
NANDO:1200520	SLC2A1
NANDO:2201047	ACVRL1
NANDO:2201047	BMPR2
NANDO:2201047	CAV1
NANDO:2201047	EIF2AK4
NANDO:2201047	ENG
NANDO:2201047	KCNK3
NANDO:2201047	SMAD9
NANDO:2201047	TBX4
NANDO:2200520	FH
NANDO:1200476	NOD2
NANDO:1200471	ANKRD55
NANDO:1200471	CD247
NANDO:1200471	IL2RA
NANDO:1200471	IL2RB
NANDO:1200471	PTPN2
NANDO:1200471	PTPN22
NANDO:1200471	STAT4
NANDO:1200470	HLA-DRB1
NANDO:1200470	IL6
NANDO:1200470	LACC1
NANDO:1200470	MIF
NANDO:2200907	MCM6
NANDO:1200472	TNFRSF1A
NANDO:2201071	HNF1A
NANDO:1200259	PTPN22
NANDO:2200584	SLC39A4
NANDO:2201179	GLB1
NANDO:2200924	FOXP3
NANDO:2200751	TAFAZZIN
NANDO:2201073	HNF1B
NANDO:2201073	HNF4A
NANDO:2200925	SLCO2A1
NANDO:2201072	PDX1
NANDO:1200048	NOP56
NANDO:2201075	PAH
NANDO:2200633	KCNN4
NANDO:2200633	PIEZO1
NANDO:2200633	SLC4A1
NANDO:1200601	FRRS1L
NANDO:2200818	EMX2
NANDO:2200818	SHH
NANDO:2200818	SIX3
NANDO:1200315	FCGR2C
NANDO:1200317	ADAMTS13
NANDO:2200750	VPS13B
NANDO:2200817	DCX
NANDO:1200143	LIPA
NANDO:2201148	HADHA
NANDO:2201148	HADHB
NANDO:2200955	CREBBP
NANDO:2200955	EP300
NANDO:2200954	DEAF1
NANDO:2200954	FLII
NANDO:2200954	IQSEC2
NANDO:2200954	RAI1
NANDO:2200957	EED
NANDO:2200957	EZH2
NANDO:2200957	NSD1
NANDO:2200957	SUZ12
NANDO:2200956	KDM6A
NANDO:2200956	KMT2D
NANDO:2201139	ACADVL
NANDO:2200953	APC2
NANDO:2200953	NSD1
NANDO:2200953	SETD2
NANDO:1200756	PRKAR1A
NANDO:2201134	CPT2
NANDO:1200876	FGFR3
NANDO:2200959	CDKN1C
NANDO:2200959	IGF2
NANDO:2200959	KCNQ1
NANDO:2200959	KCNQ1OT1
NANDO:2200959	NSD1
NANDO:2200958	HDAC8
NANDO:2200958	KMT2A
NANDO:2200958	NIPBL
NANDO:2200958	RAD21
NANDO:2200958	SETD5
NANDO:2200958	SMC1A
NANDO:2200958	SMC3
NANDO:2201132	CPT2
NANDO:2201133	CPT2
NANDO:2201034	ACVRL1
NANDO:2201034	ENG
NANDO:2201034	GDF2
NANDO:2201034	SMAD4
NANDO:1200823	PFKM
NANDO:1200603	MECP2
NANDO:2200732	RAB27A
NANDO:1200750	CSF2RA
NANDO:1200750	CSF2RB
NANDO:1200663	ZEB2
NANDO:2200254	CITED2
NANDO:2200254	FLT4
NANDO:2200254	GATA4
NANDO:2200254	GATA5
NANDO:2200254	GATA6
NANDO:2200254	GDF1
NANDO:2200254	GJA5
NANDO:2200254	JAG1
NANDO:2200254	NKX2-5
NANDO:2200254	NKX2-6
NANDO:2200254	TBX1
NANDO:2200254	ZFPM2
NANDO:1200753	ASCL1
NANDO:1200753	BDNF
NANDO:1200753	EDN3
NANDO:1200753	GDNF
NANDO:1200753	MYO1H
NANDO:1200753	PHOX2B
NANDO:1200753	RET
NANDO:1200755	SERPINA1
NANDO:2200399	ABCC8
NANDO:1200757	CISD2
NANDO:1200757	WFS1
NANDO:1200759	PEX1
NANDO:1200759	PEX10
NANDO:1200759	PEX11B
NANDO:1200759	PEX12
NANDO:1200759	PEX13
NANDO:1200759	PEX14
NANDO:1200759	PEX16
NANDO:1200759	PEX19
NANDO:1200759	PEX2
NANDO:1200759	PEX26
NANDO:1200759	PEX3
NANDO:1200759	PEX5
NANDO:1200759	PEX6
NANDO:1200759	PEX7
NANDO:1200613	KRT2
NANDO:1200612	KRT10
NANDO:1200614	ABCA12
NANDO:2200391	AR
NANDO:1200616	ABCA12
NANDO:1200616	ALOX12B
NANDO:1200616	ALOXE3
NANDO:1200616	CERS3
NANDO:1200616	NIPAL4
NANDO:1200616	PNPLA1
NANDO:1200616	TGM1
NANDO:2200583	SUOX
NANDO:1200166	ABCD1
NANDO:2200730	STX11
NANDO:1200164	CTNS
NANDO:1200163	CTNS
NANDO:1200162	CTNS
NANDO:1200161	CTNS
NANDO:1200004	NAIP
NANDO:1200004	SMN1
NANDO:1200004	SMN2
NANDO:1200005	NAIP
NANDO:1200005	SMN1
NANDO:1200005	SMN2
NANDO:1200006	NAIP
NANDO:1200006	SMN1
NANDO:1200006	SMN2
NANDO:2200387	NR5A1
NANDO:2200387	SOX9
NANDO:2200387	SRY
NANDO:1200001	AR
NANDO:1200002	ANG
NANDO:1200002	ANXA11
NANDO:1200002	ATXN2
NANDO:1200002	CCNF
NANDO:1200002	CFAP410
NANDO:1200002	CHCHD10
NANDO:1200002	CHMP2B
NANDO:1200002	DAO
NANDO:1200002	DCTN1
NANDO:1200002	EPHA4
NANDO:1200002	ERBB4
NANDO:1200002	FIG4
NANDO:1200002	FUS
NANDO:1200002	GLE1
NANDO:1200002	GLT8D1
NANDO:1200002	HNRNPA1
NANDO:1200002	MATR3
NANDO:1200002	NEFH
NANDO:1200002	NEK1
NANDO:1200002	OPTN
NANDO:1200002	PFN1
NANDO:1200002	PON1
NANDO:1200002	PON2
NANDO:1200002	PON3
NANDO:1200002	PPARGC1A
NANDO:1200002	PRPH
NANDO:1200002	SOD1
NANDO:1200002	SQSTM1
NANDO:1200002	TAF15
NANDO:1200002	TARDBP
NANDO:1200002	TBK1
NANDO:1200002	TREM2
NANDO:1200002	UBQLN2
NANDO:1200002	UNC13A
NANDO:1200002	VAPB
NANDO:1200002	VCP
NANDO:1200168	ABCD1
NANDO:2200408	CCND1
NANDO:2200408	VHL
NANDO:2200704	WAS
NANDO:2200704	WIPF1
NANDO:1200361	IRAK4
NANDO:1200360	IKBKG
NANDO:1200360	NFKBIA
NANDO:1200363	CLEC7A
NANDO:1200363	IL17F
NANDO:1200363	IL17RA
NANDO:1200363	IL17RC
NANDO:1200363	TRAF3IP2
NANDO:1200287	ACTC1
NANDO:1200287	MYH7
NANDO:1200287	MYL3
NANDO:1200287	PRKAG2
NANDO:1200287	TNNI3
NANDO:1200287	TNNT2
NANDO:1200287	TPM1
NANDO:1200388	ANOS1
NANDO:1200388	CHD7
NANDO:1200388	DUSP6
NANDO:1200388	FGF17
NANDO:1200388	FGF8
NANDO:1200388	FGFR1
NANDO:1200388	GNRH1
NANDO:1200388	GNRHR
NANDO:1200388	HS6ST1
NANDO:1200388	KISS1
NANDO:1200388	KISS1R
NANDO:1200388	NSMF
NANDO:1200388	PROK2
NANDO:1200388	PROKR2
NANDO:1200388	SPRY4
NANDO:1200388	TAC3
NANDO:1200388	TACR3
NANDO:1200388	WDR11
NANDO:1200369	DZIP1L
NANDO:1200369	PKHD1
NANDO:1200368	BICC1
NANDO:1200368	GANAB
NANDO:1200368	PKD1
NANDO:1200368	PKD2
NANDO:2201255	ABCG5
NANDO:2201255	ABCG8
NANDO:2201255	APOB
NANDO:2201255	LDLR
NANDO:2201255	LDLRAP1
NANDO:2201255	PCSK9
NANDO:2201256	COL1A1
NANDO:2201256	COL5A1
NANDO:2201256	COL5A2
NANDO:2201259	PLOD1
NANDO:2201258	COL3A1
NANDO:2200320	IGF1R
NANDO:2200326	AQP2
NANDO:2200326	AVPR2
NANDO:2200468	FAH
NANDO:2200073	TP53
NANDO:1200529	PRKRA
NANDO:2200075	NFKBIA
NANDO:1200578	TUBB4A
NANDO:1200578	UFM1
NANDO:1200178	MT-ATP6
NANDO:1200178	MT-CO1
NANDO:1200178	MT-CO3
NANDO:1200178	MT-CYB
NANDO:1200178	MT-ND1
NANDO:1200178	MT-ND2
NANDO:1200178	MT-ND4
NANDO:1200178	MT-ND4L
NANDO:1200178	MT-ND5
NANDO:1200178	MT-ND6
NANDO:1200178	NDUFS2
NANDO:1200726	CFH
NANDO:1200726	DGKE
NANDO:2200467	PAH
NANDO:1200682	GABRD
NANDO:1200682	KCNAB2
NANDO:1200682	PRDM16
NANDO:1200682	RERE
NANDO:1200682	SKI
NANDO:1200683	CPLX1
NANDO:1200683	CTBP1
NANDO:1200683	FGFRL1
NANDO:1200683	LETM1
NANDO:1200683	NELFA
NANDO:1200683	NSD2
NANDO:1200680	A2ML1
NANDO:1200680	CBL
NANDO:1200680	KRAS
NANDO:1200680	LZTR1
NANDO:1200680	MRAS
NANDO:1200680	NRAS
NANDO:1200680	PTPN11
NANDO:1200680	RAF1
NANDO:1200680	RASA2
NANDO:1200680	RIT1
NANDO:1200680	RRAS
NANDO:1200680	RRAS2
NANDO:1200680	SOS1
NANDO:1200680	SOS2
NANDO:1200681	KAT6B
NANDO:1200686	SNRPN
NANDO:1200686	UBE3A
NANDO:1200687	DEAF1
NANDO:1200687	FLII
NANDO:1200687	IQSEC2
NANDO:1200687	RAI1
NANDO:1200684	CTNND2
NANDO:1200684	SEMA5A
NANDO:1200685	DLK1
NANDO:1200685	MEG3
NANDO:1200685	RTL1
NANDO:1200523	ATP1A3
NANDO:1200688	ARVCF
NANDO:1200688	COMT
NANDO:1200688	DGCR2
NANDO:1200688	DGCR6
NANDO:1200688	DGCR8
NANDO:1200688	ESS2
NANDO:1200688	GP1BB
NANDO:1200688	HIRA
NANDO:1200688	JMJD1C
NANDO:1200688	RREB1
NANDO:1200688	SEC24C
NANDO:1200688	TBX1
NANDO:1200688	UFD1
NANDO:2200758	MPO
NANDO:2200558	GLB1
NANDO:2200492	PCCA
NANDO:2200492	PCCB
NANDO:2200493	ACAT1
NANDO:2200494	IVD
NANDO:1200521	KCNA1
NANDO:1200521	PRRT2
NANDO:2200497	HMGCL
NANDO:2200551	ARSB
NANDO:2200499	OXCT1
NANDO:2200553	FUCA1
NANDO:2200552	GUSB
NANDO:2200555	AGA
NANDO:2200557	CTSA
NANDO:1200862	LMNB2
NANDO:1200863	MEFV
NANDO:2200754	SLC37A4
NANDO:1200866	MVK
NANDO:1200867	PSMB8
NANDO:1200864	MEFV
NANDO:2200670	GP6
NANDO:2200671	ANO6
NANDO:1200868	PSTPIP1
NANDO:2200676	F8
NANDO:2200677	F9
NANDO:2200771	MCM4
NANDO:1200539	FTL
NANDO:2201241	PPT1
NANDO:2200775	RPSA
NANDO:2200631	SPTA1
NANDO:2200777	C1QA
NANDO:2200777	C1QB
NANDO:2200777	C1QC
NANDO:2200479	OTC
NANDO:2200779	C1S
NANDO:1200888	KIF23
NANDO:2200699	CD8A
NANDO:1200534	PANK2
NANDO:2200473	BCKDHA
NANDO:2200473	BCKDHB
NANDO:2200473	DBT
NANDO:2200473	DLD
NANDO:2200470	HPD
NANDO:1200537	PLA2G6
NANDO:1200431	ABCA4
NANDO:1200431	AGBL5
NANDO:1200431	AHI1
NANDO:1200431	AHR
NANDO:1200431	AIPL1
NANDO:1200431	ARHGEF18
NANDO:1200431	ARL2BP
NANDO:1200431	ARL3
NANDO:1200431	ARL6
NANDO:1200431	BBS2
NANDO:1200431	BEST1
NANDO:1200431	CA4
NANDO:1200431	CDHR1
NANDO:1200431	CERKL
NANDO:1200431	CFAP418
NANDO:1200431	CLRN1
NANDO:1200431	CNGA1
NANDO:1200431	CNGB1
NANDO:1200431	CRB1
NANDO:1200431	CRX
NANDO:1200431	DHDDS
NANDO:1200431	DHX38
NANDO:1200431	EYS
NANDO:1200431	FAM161A
NANDO:1200431	FSCN2
NANDO:1200431	GUCA1B
NANDO:1200431	HGSNAT
NANDO:1200431	IDH3A
NANDO:1200431	IDH3B
NANDO:1200431	IFT140
NANDO:1200431	IFT172
NANDO:1200431	IFT88
NANDO:1200431	IMPDH1
NANDO:1200431	IMPG2
NANDO:1200431	KIAA1549
NANDO:1200431	KIZ
NANDO:1200431	KLHL7
NANDO:1200431	LRAT
NANDO:1200431	MAK
NANDO:1200431	MERTK
NANDO:1200431	NEK2
NANDO:1200431	NR2E3
NANDO:1200431	NRL
NANDO:1200431	OFD1
NANDO:1200431	PCARE
NANDO:1200431	PDE6A
NANDO:1200431	PDE6B
NANDO:1200431	PDE6G
NANDO:1200431	POMGNT1
NANDO:1200431	PRCD
NANDO:1200431	PROM1
NANDO:1200431	PRPF3
NANDO:1200431	PRPF31
NANDO:1200431	PRPF4
NANDO:1200431	PRPF6
NANDO:1200431	PRPF8
NANDO:1200431	PRPH2
NANDO:1200431	RBP3
NANDO:1200431	RDH12
NANDO:1200431	REEP6
NANDO:1200431	RGR
NANDO:1200431	RHO
NANDO:1200431	RLBP1
NANDO:1200431	ROM1
NANDO:1200431	RP1
NANDO:1200431	RP1L1
NANDO:1200431	RP2
NANDO:1200431	RP9
NANDO:1200431	RPE65
NANDO:1200431	RPGR
NANDO:1200431	SAG
NANDO:1200431	SCAPER
NANDO:1200431	SEMA4A
NANDO:1200431	SLC7A14
NANDO:1200431	SNRNP200
NANDO:1200431	SPATA7
NANDO:1200431	TOPORS
NANDO:1200431	TTC8
NANDO:1200431	TUB
NANDO:1200431	TULP1
NANDO:1200431	USH2A
NANDO:1200431	ZNF408
NANDO:1200431	ZNF513
NANDO:1200435	RP2
NANDO:1200435	RPGR
NANDO:1200434	ABCA4
NANDO:1200434	AGBL5
NANDO:1200434	AHI1
NANDO:1200434	AHR
NANDO:1200434	AIPL1
NANDO:1200434	ARHGEF18
NANDO:1200434	ARL2BP
NANDO:1200434	ARL3
NANDO:1200434	ARL6
NANDO:1200434	BBS2
NANDO:1200434	BEST1
NANDO:1200434	CA4
NANDO:1200434	CDHR1
NANDO:1200434	CERKL
NANDO:1200434	CFAP418
NANDO:1200434	CLRN1
NANDO:1200434	CNGA1
NANDO:1200434	CNGB1
NANDO:1200434	CRB1
NANDO:1200434	CRX
NANDO:1200434	DHDDS
NANDO:1200434	DHX38
NANDO:1200434	EYS
NANDO:1200434	FAM161A
NANDO:1200434	FSCN2
NANDO:1200434	GUCA1B
NANDO:1200434	HGSNAT
NANDO:1200434	IDH3A
NANDO:1200434	IDH3B
NANDO:1200434	IFT140
NANDO:1200434	IFT172
NANDO:1200434	IFT88
NANDO:1200434	IMPDH1
NANDO:1200434	IMPG2
NANDO:1200434	KIAA1549
NANDO:1200434	KIZ
NANDO:1200434	KLHL7
NANDO:1200434	LRAT
NANDO:1200434	MAK
NANDO:1200434	MERTK
NANDO:1200434	NEK2
NANDO:1200434	NR2E3
NANDO:1200434	NRL
NANDO:1200434	OFD1
NANDO:1200434	PCARE
NANDO:1200434	PDE6A
NANDO:1200434	PDE6B
NANDO:1200434	PDE6G
NANDO:1200434	POMGNT1
NANDO:1200434	PRCD
NANDO:1200434	PROM1
NANDO:1200434	PRPF3
NANDO:1200434	PRPF31
NANDO:1200434	PRPF4
NANDO:1200434	PRPF6
NANDO:1200434	PRPF8
NANDO:1200434	PRPH2
NANDO:1200434	RBP3
NANDO:1200434	RDH12
NANDO:1200434	REEP6
NANDO:1200434	RGR
NANDO:1200434	RHO
NANDO:1200434	RLBP1
NANDO:1200434	ROM1
NANDO:1200434	RP1
NANDO:1200434	RP1L1
NANDO:1200434	RP2
NANDO:1200434	RP9
NANDO:1200434	RPE65
NANDO:1200434	RPGR
NANDO:1200434	SAG
NANDO:1200434	SCAPER
NANDO:1200434	SEMA4A
NANDO:1200434	SLC7A14
NANDO:1200434	SNRNP200
NANDO:1200434	SPATA7
NANDO:1200434	TOPORS
NANDO:1200434	TTC8
NANDO:1200434	TUB
NANDO:1200434	TULP1
NANDO:1200434	USH2A
NANDO:1200434	ZNF408
NANDO:1200434	ZNF513
NANDO:1200437	F5
NANDO:1200437	JAK2
NANDO:1200041	ATXN3
NANDO:1200439	IL12A
NANDO:1200439	IL12RB1
NANDO:1200439	IRF5
NANDO:1200439	MMEL1
NANDO:1200439	POU2AF1
NANDO:1200439	SPIB
NANDO:1200439	TNFSF15
NANDO:1200439	TNPO3
NANDO:2201237	SLC17A5
NANDO:2200708	CDCA7
NANDO:2200708	DNMT3B
NANDO:2200708	HELLS
NANDO:2200708	ZBTB24
NANDO:2200886	PANK2
NANDO:2200457	SLC29A3
NANDO:1200189	HLA-DQB1
NANDO:1200189	PRNP
NANDO:2200789	CFP
NANDO:2200784	C6
NANDO:2200785	C7
NANDO:2200787	C9
NANDO:1200181	SDHA
NANDO:1200181	SDHAF1
NANDO:1200181	SDHB
NANDO:1200181	SDHD
NANDO:2200781	C2
NANDO:2200782	C3
NANDO:2200783	C5
NANDO:1200913	GPC1
NANDO:1200911	GATA6
NANDO:1200911	ZFPM2
NANDO:2200850	ACTA2
NANDO:2200850	RNF213
NANDO:2200918	AKT1
NANDO:2200918	KLLN
NANDO:2200918	PIK3CA
NANDO:2200918	PTEN
NANDO:2200918	SDHB
NANDO:2200918	SDHC
NANDO:2200918	SDHD
NANDO:2200918	SEC23B
NANDO:2200918	USF3
NANDO:1200660	RPS6KA3
NANDO:2200854	NTRK1
NANDO:2200855	DNM2
NANDO:2200855	FGD4
NANDO:2200855	GDAP1
NANDO:2200855	MPZ
NANDO:2200855	YARS1
NANDO:2200856	DMD
NANDO:2200856	LTBP4
NANDO:2200859	DNMT3B
NANDO:2200859	DUX4
NANDO:2200859	DUX4L1
NANDO:2200859	FRG1
NANDO:2200859	SMCHD1
NANDO:2200913	MYO5B
NANDO:2200913	STX3
NANDO:2200912	PNLIP
NANDO:2200597	DBH
NANDO:2200917	STK11
NANDO:2200602	APOA2
NANDO:2200602	EPHX2
NANDO:2200602	GHR
NANDO:2200602	LDLR
NANDO:2200602	PPP1R17
NANDO:2201079	BCKDHA
NANDO:2201079	BCKDHB
NANDO:2201079	DBT
NANDO:2201079	PPM1K
NANDO:2201078	BCKDHA
NANDO:2201078	BCKDHB
NANDO:2201078	DBT
NANDO:2201172	IDS
NANDO:2201173	IDS
NANDO:1200549	CHMP2B
NANDO:1200549	GRN
NANDO:1200549	MAPT
NANDO:1200549	PSEN1
NANDO:1200549	SQSTM1
NANDO:1200549	TMEM106B
NANDO:1200549	TREM2
NANDO:1200549	VCP
NANDO:2201175	NAGLU
NANDO:2201176	HGSNAT
NANDO:2201177	GNS
NANDO:2201178	GALNS
NANDO:2201070	GCK
NANDO:1200547	DCTN1
NANDO:1200546	AARS2
NANDO:1200546	CSF1R
NANDO:1200541	FA2H
NANDO:1200540	C19orf12
NANDO:1200540	CP
NANDO:2201077	PAH
NANDO:1200542	FTL
NANDO:1200985	AMT
NANDO:1200985	GCSH
NANDO:1200985	GLDC
NANDO:1200984	AMT
NANDO:1200984	GCSH
NANDO:1200984	GLDC
NANDO:1200987	ACAT1
NANDO:1200986	AMT
NANDO:1200986	GCSH
NANDO:1200986	GLDC
NANDO:1200986	SLC6A9
NANDO:1200980	SLC25A13
NANDO:1200983	PIGM
NANDO:1200983	PIGW
NANDO:2200406	RET
NANDO:2200826	TSC2
NANDO:2201191	NEU1
NANDO:2200592	SLC46A1
NANDO:1200988	DDC
NANDO:2201378	LAMA3
NANDO:2201378	LAMB3
NANDO:2201378	LAMC2
NANDO:2201379	COL17A1
NANDO:2201379	ITGB4
NANDO:2201379	LAMA3
NANDO:2201379	LAMB3
NANDO:2201379	LAMC2
NANDO:2201295	POLR3A
NANDO:1200582	SLC17A5
NANDO:2200357	ATP1A2
NANDO:2200357	ATP1A3
NANDO:2200357	CACNA1A
NANDO:2200357	NR0B1
NANDO:2200357	SLC1A3
NANDO:2201198	GLB1
NANDO:2201199	HEXA
NANDO:2201196	GLB1
NANDO:2201197	GLB1
NANDO:2200358	NR3C1
NANDO:2201192	NEU1
NANDO:2201193	NEU1
NANDO:2201190	MANBA
NANDO:1200584	FAM126A
NANDO:1200329	CIITA
NANDO:1200329	RFX5
NANDO:1200329	RFXANK
NANDO:1200329	RFXAP
NANDO:1200328	B2M
NANDO:1200328	TAP1
NANDO:1200328	TAP2
NANDO:1200328	TAPBP
NANDO:1200042	CACNA1A
NANDO:1200043	ATN1
NANDO:1200044	BEAN1
NANDO:1200045	ATXN1
NANDO:1200046	ATXN2
NANDO:1200047	ATXN7
NANDO:1200321	IL2RG
NANDO:2200851	IL6
NANDO:2200851	KRAS
NANDO:1200323	ADA
NANDO:1200322	AK2
NANDO:1200325	PNP
NANDO:1200324	ADA
NANDO:1200324	CHD7
NANDO:1200324	DCLRE1C
NANDO:1200324	IL2RG
NANDO:1200324	IL7R
NANDO:1200324	LIG4
NANDO:1200324	RAG1
NANDO:1200324	RAG2
NANDO:1200324	RMRP
NANDO:1200327	ZAP70
NANDO:1200326	CD8A
NANDO:2200825	MECP2
NANDO:2201294	SLC17A5
NANDO:2200827	NRAS
NANDO:2201296	FAM126A
NANDO:2200821	NID1
NANDO:2200820	ARNT2
NANDO:2200820	FGFR1
NANDO:2200820	HESX1
NANDO:2200820	OTX2
NANDO:2200820	PROKR2
NANDO:2200820	SOX2
NANDO:2200820	SOX3
NANDO:2201293	HSPD1
NANDO:2201292	SLC16A2
NANDO:2200829	CCND1
NANDO:2200829	VHL
NANDO:2200828	PTCH1
NANDO:2200828	PTCH2
NANDO:2200828	SUFU
NANDO:2200982	KAT6B
NANDO:2200983	HOXD13
NANDO:2201107	MMACHC
NANDO:2201107	PRDX1
NANDO:2201106	MMAB
NANDO:2201101	ARG1
NANDO:2201100	ARG1
NANDO:2200984	MECP2
NANDO:2200985	CDC42
NANDO:2200989	KRT10
NANDO:2201109	MTRR
NANDO:2201108	MMADHC
NANDO:1201030	CFH
NANDO:1201030	DGKE
NANDO:2200830	GNAQ
NANDO:1200769	PEX7
NANDO:1200769	PHYH
NANDO:1200768	AMACR
NANDO:1200482	BIN1
NANDO:1200483	ACTA1
NANDO:1200483	HACD1
NANDO:1200483	ITGA7
NANDO:1200483	MAP3K20
NANDO:1200483	MYH7
NANDO:1200483	MYL2
NANDO:1200483	RYR1
NANDO:1200483	SELENON
NANDO:1200483	TPM2
NANDO:1200483	TPM3
NANDO:2200502	ETFA
NANDO:2200502	ETFB
NANDO:2200502	ETFDH
NANDO:1200485	INPP5K
NANDO:1200485	SIL1
NANDO:2200501	GCDH
NANDO:1200488	DMD
NANDO:1200488	LTBP4
NANDO:1200489	DMD
NANDO:1200763	PEX7
NANDO:1200762	PEX1
NANDO:1200762	PEX10
NANDO:1200762	PEX11B
NANDO:1200762	PEX12
NANDO:1200762	PEX13
NANDO:1200762	PEX14
NANDO:1200762	PEX16
NANDO:1200762	PEX19
NANDO:1200762	PEX2
NANDO:1200762	PEX26
NANDO:1200762	PEX3
NANDO:1200762	PEX5
NANDO:1200762	PEX6
NANDO:1200765	ACOX1
NANDO:1200767	SCP2
NANDO:2200509	CPT1A
NANDO:1200646	COL1A1
NANDO:1200646	COL5A1
NANDO:1200646	COL5A2
NANDO:1200644	FBN1
NANDO:1200138	GAA
NANDO:1200139	GAA
NANDO:1200135	NAGA
NANDO:2201168	IDUA
NANDO:1200137	NAGA
NANDO:1200130	FUCA1
NANDO:1200131	FUCA1
NANDO:1200648	COL3A1
NANDO:1200133	AGA
NANDO:1200035	COQ2
NANDO:1200034	COQ2
NANDO:2200188	OCRL
NANDO:1200036	COQ2
NANDO:2201147	HADHA
NANDO:2201147	HADHB
NANDO:2200980	PLXND1
NANDO:2200980	REV3L
NANDO:2200185	CHRM3
NANDO:2200981	ZEB2
NANDO:2201209	NPC1
NANDO:2201209	NPC2
NANDO:2201206	SMPD1
NANDO:2201207	SMPD1
NANDO:2201204	ARSA
NANDO:2201204	PSAP
NANDO:2201205	PSAP
NANDO:2200216	CALM1
NANDO:2200216	CALM2
NANDO:2200216	CALM3
NANDO:2200216	CASQ2
NANDO:2200216	RYR2
NANDO:2200216	TECRL
NANDO:2200216	TRDN
NANDO:2201203	ARSA
NANDO:2201203	PSAP
NANDO:2201200	HEXB
NANDO:2201201	GM2A
NANDO:2200001	ABL1
NANDO:2200001	AFF1
NANDO:2200001	AUTS2
NANDO:2200001	BCR
NANDO:2200001	CDKN2A
NANDO:2200001	ETV6
NANDO:2200001	FLT3
NANDO:2200001	FOXP1
NANDO:2200001	GATA3
NANDO:2200001	HLA-C
NANDO:2200001	HLF
NANDO:2200001	IGH
NANDO:2200001	IKZF1
NANDO:2200001	KMT2A
NANDO:2200001	PAX5
NANDO:2200001	PBX1
NANDO:2200001	PDGFRA
NANDO:2200001	PIP4K2A
NANDO:2200001	RUNX1
NANDO:2200001	TCF3
NANDO:2200001	TP53
NANDO:2200007	BCOR
NANDO:2200007	FIP1L1
NANDO:2200007	IRF2BP2
NANDO:2200007	NABP1
NANDO:2200007	NPM1
NANDO:2200007	NUMA1
NANDO:2200007	PML
NANDO:2200007	PRKAR1A
NANDO:2200007	RARA
NANDO:2200007	STAT3
NANDO:2200007	STAT5B
NANDO:2200007	TBL1XR1
NANDO:2200007	ZBTB16
NANDO:2200006	FLT3
NANDO:2200006	KIT
NANDO:2200006	NPM1
NANDO:2200005	FLT3
NANDO:2200005	NPM1
NANDO:2200004	FLT3
NANDO:2200433	TNFRSF1A
NANDO:2200431	MEFV
NANDO:2200436	MVK
NANDO:2200437	PSTPIP1
NANDO:2200434	NOD2
NANDO:1200030	PMP22
NANDO:1200594	SIK1
NANDO:1200594	SLC25A22
NANDO:2200439	IL1RN
NANDO:2201345	BMPR1B
NANDO:2201345	COL2A1
NANDO:2201345	GDF5
NANDO:2200910	TMPRSS15
NANDO:1200565	SLC35A2
NANDO:2200952	RPS6KA3
NANDO:2200134	APOE
NANDO:2200133	FN1
NANDO:2200132	LMX1B
NANDO:2200130	CTLA4
NANDO:2200130	HLA-DPA1
NANDO:2200130	HLA-DPB1
NANDO:2200130	PRTN3
NANDO:2200130	PTPN22
NANDO:1200952	AARS2
NANDO:1200953	KCTD7
NANDO:1200953	SCARB2
NANDO:1200950	HEPACAM
NANDO:1200950	MLC1
NANDO:1200818	ALAS2
NANDO:1200956	ADRA2B
NANDO:1200956	CNTN2
NANDO:1200956	CTNND2
NANDO:1200956	MARCHF6
NANDO:1200956	SAMD12
NANDO:1200956	YEATS2
NANDO:1200954	CSTB
NANDO:1200954	PRICKLE1
NANDO:1200954	SCARB2
NANDO:1200481	BIN1
NANDO:1200813	CPOX
NANDO:1200812	HMBS
NANDO:1200514	TAF1
NANDO:1200959	EHMT1
NANDO:2200504	HGD
NANDO:1200815	FECH
NANDO:1200814	HFE
NANDO:1200814	PPOX
NANDO:2200643	JAK2
NANDO:2200643	MPL
NANDO:2200643	TET2
NANDO:2200505	GK
NANDO:2200645	FCGR2C
NANDO:2201068	NLRP3
NANDO:2200647	CD109
NANDO:2200647	GP1BA
NANDO:2200647	GP1BB
NANDO:2200647	ITGA2
NANDO:2200647	ITGA2B
NANDO:2200647	ITGB3
NANDO:2200729	UNC13D
NANDO:2200726	CASP10
NANDO:2200726	FAS
NANDO:2200726	FASLG
NANDO:2200726	PRKCD
NANDO:2200726	RASGRP1
NANDO:2200724	LYST
NANDO:1200263	CTLA4
NANDO:1200263	HLA-DPA1
NANDO:1200263	HLA-DPB1
NANDO:1200263	PRTN3
NANDO:1200263	PTPN22
NANDO:1200501	SCN4A
NANDO:1200500	SCN4A
NANDO:1200503	CACNA1S
NANDO:1200503	KCNE3
NANDO:1200503	SCN4A
NANDO:1200504	SCN4A
NANDO:1200468	NLRP3
NANDO:1200469	IL6
NANDO:1200469	MIF
NANDO:1200466	NLRP3
NANDO:1200467	NLRP3
NANDO:1200464	CHD7
NANDO:1200464	SEMA3E
NANDO:1200462	BRAF
NANDO:1200462	KRAS
NANDO:1200462	MAP2K1
NANDO:1200462	MAP2K2
NANDO:1200463	HRAS
NANDO:1200461	CREBBP
NANDO:1200461	EP300
NANDO:1200761	PEX1
NANDO:1200761	PEX10
NANDO:1200761	PEX11B
NANDO:1200761	PEX12
NANDO:1200761	PEX13
NANDO:1200761	PEX14
NANDO:1200761	PEX16
NANDO:1200761	PEX19
NANDO:1200761	PEX2
NANDO:1200761	PEX26
NANDO:1200761	PEX3
NANDO:1200761	PEX5
NANDO:1200761	PEX6
NANDO:1200517	THAP1
NANDO:1200098	IDS
NANDO:1200810	SLC46A1
NANDO:1200760	PEX1
NANDO:1200760	PEX10
NANDO:1200760	PEX11B
NANDO:1200760	PEX12
NANDO:1200760	PEX13
NANDO:1200760	PEX14
NANDO:1200760	PEX16
NANDO:1200760	PEX19
NANDO:1200760	PEX2
NANDO:1200760	PEX26
NANDO:1200760	PEX3
NANDO:1200760	PEX5
NANDO:1200760	PEX6
NANDO:2201098	ASL
NANDO:2201092	OTC
NANDO:2201091	OTC
NANDO:1200061	SMPD1
NANDO:2201097	ASL
NANDO:2201165	PHKB
NANDO:2201095	ASS1
NANDO:2201094	ASS1
NANDO:2200868	ACTA1
NANDO:2200868	HACD1
NANDO:2200868	ITGA7
NANDO:2200868	MAP3K20
NANDO:2200868	MYH7
NANDO:2200868	MYL2
NANDO:2200868	RYR1
NANDO:2200868	SELENON
NANDO:2200868	TPM2
NANDO:2200868	TPM3
NANDO:2201164	PHKA2
NANDO:2200508	SLC22A5
NANDO:2200861	ITGA7
NANDO:2200861	LAMA2
NANDO:2200860	FKTN
NANDO:2200862	COL12A1
NANDO:2200862	COL6A1
NANDO:2200862	COL6A2
NANDO:2200862	COL6A3
NANDO:2200865	DMD
NANDO:2200089	IDH2
NANDO:2200089	POT1
NANDO:2200867	BIN1
NANDO:2201162	GBE1
NANDO:2200947	ACTG2
NANDO:2200947	LMOD1
NANDO:2200947	MYH11
NANDO:2200947	MYLK
NANDO:2201062	HLA-B
NANDO:2201062	IL12B
NANDO:2201062	MLX
NANDO:2200945	ECE1
NANDO:2200945	EDN3
NANDO:2200945	EDNRB
NANDO:2200945	GDNF
NANDO:2200945	NRTN
NANDO:2200945	RET
NANDO:2200945	SEMA3C
NANDO:2200945	SEMA3D
NANDO:2200942	CASR
NANDO:2200942	CFTR
NANDO:2200942	CPA1
NANDO:2200942	CTRC
NANDO:2200942	PRSS1
NANDO:2200942	PRSS2
NANDO:2200942	SPINK1
NANDO:1200218	GNE
NANDO:1200218	SQSTM1
NANDO:1200215	COL12A1
NANDO:1200215	COL6A1
NANDO:1200215	COL6A2
NANDO:1200215	COL6A3
NANDO:1200982	SPR
NANDO:2200145	CLCNKB
NANDO:2200145	SLC12A3
NANDO:2200948	ECE1
NANDO:2200948	EDN3
NANDO:2200948	EDNRB
NANDO:2200948	GDNF
NANDO:2200948	NRTN
NANDO:2200948	RET
NANDO:2200948	SEMA3C
NANDO:2200948	SEMA3D
NANDO:2201026	FBN2
NANDO:2201027	TEK
NANDO:2201025	AMER1
NANDO:2201023	CTSK
NANDO:2201020	ACVR1
NANDO:1200642	HPGD
NANDO:1200642	SLCO2A1
NANDO:2200127	MYH9
NANDO:2201383	COL7A1
NANDO:2201383	MMP1
NANDO:2201380	ITGA6
NANDO:2201380	ITGB4
NANDO:2201380	PLEC
NANDO:2200388	SRY
NANDO:1200619	SPINK5
NANDO:1200608	DDB2
NANDO:1200608	ERCC2
NANDO:1200608	ERCC3
NANDO:1200608	ERCC4
NANDO:1200608	ERCC5
NANDO:1200608	XPA
NANDO:1200608	XPC
NANDO:2200260	MYH7
NANDO:2200267	CITED2
NANDO:2200266	ACTC1
NANDO:2200266	CITED2
NANDO:2200266	GATA4
NANDO:2200266	GATA6
NANDO:2200266	MYH6
NANDO:2200266	TBX20
NANDO:2200266	TLL1
NANDO:1200602	GRIN2A
NANDO:2200381	ANOS1
NANDO:2200381	CCDC141
NANDO:2200381	CHD7
NANDO:2200381	DCC
NANDO:2200381	DUSP6
NANDO:2200381	FEZF1
NANDO:2200381	FGF17
NANDO:2200381	FGF8
NANDO:2200381	FGFR1
NANDO:2200381	FLRT3
NANDO:2200381	HESX1
NANDO:2200381	HS6ST1
NANDO:2200381	IL17RD
NANDO:2200381	KISS1R
NANDO:2200381	NDNF
NANDO:2200381	NSMF
NANDO:2200381	PROK2
NANDO:2200381	PROKR2
NANDO:2200381	SEMA3A
NANDO:2200381	SOX10
NANDO:2200381	SPRY4
NANDO:2200381	TACR3
NANDO:2200381	WDR11
NANDO:2200382	ANOS1
NANDO:2200382	CHD7
NANDO:2200382	DUSP6
NANDO:2200382	FGF17
NANDO:2200382	FGF8
NANDO:2200382	FGFR1
NANDO:2200382	GNRH1
NANDO:2200382	GNRHR
NANDO:2200382	HS6ST1
NANDO:2200382	KISS1
NANDO:2200382	KISS1R
NANDO:2200382	NSMF
NANDO:2200382	PROK2
NANDO:2200382	PROKR2
NANDO:2200382	SPRY4
NANDO:2200382	TAC3
NANDO:2200382	TACR3
NANDO:2200382	WDR11
NANDO:2200268	CRELD1
NANDO:2200268	GATA4
NANDO:2200268	GATA6
NANDO:2200268	NR2F2
NANDO:1200606	GNAQ
NANDO:1200607	TSC2
NANDO:1200604	MECP2
NANDO:1200605	CDKL5
NANDO:1200605	GABBR2
NANDO:1200605	MECP2
NANDO:1200605	NTNG1
NANDO:1200605	STXBP1
NANDO:1200078	ARSA
NANDO:1200175	COX10
NANDO:1200175	COX15
NANDO:1200175	EARS2
NANDO:1200175	ETHE1
NANDO:1200175	FBXL4
NANDO:1200175	LRPPRC
NANDO:1200175	MTFMT
NANDO:1200175	NDUFAF2
NANDO:1200175	NDUFAF6
NANDO:1200175	NDUFS1
NANDO:1200175	NDUFS4
NANDO:1200175	NDUFV1
NANDO:1200175	PDHA1
NANDO:1200175	SCO2
NANDO:1200175	SDHA
NANDO:1200175	SERAC1
NANDO:1200175	SLC19A3
NANDO:1200175	SUCLA2
NANDO:1200175	SURF1
NANDO:1200175	TTC19
NANDO:1200176	MT-CO1
NANDO:1200176	MT-CO2
NANDO:1200176	MT-CO3
NANDO:1200176	MT-CYB
NANDO:1200176	MT-ND1
NANDO:1200176	MT-ND4
NANDO:1200176	MT-ND5
NANDO:1200176	MT-ND6
NANDO:1200176	MT-TC
NANDO:1200176	MT-TF
NANDO:1200176	MT-TH
NANDO:1200176	MT-TK
NANDO:1200176	MT-TL1
NANDO:1200176	MT-TQ
NANDO:1200176	MT-TS1
NANDO:1200176	MT-TS2
NANDO:1200176	MT-TV
NANDO:1200176	MT-TW
NANDO:1200177	MT-ND5
NANDO:1200177	MT-RNR1
NANDO:1200177	MT-TF
NANDO:1200177	MT-TH
NANDO:1200177	MT-TI
NANDO:1200177	MT-TK
NANDO:1200177	MT-TL1
NANDO:1200177	MT-TP
NANDO:1200177	MT-TQ
NANDO:1200177	MT-TS1
NANDO:1200177	MT-TS2
NANDO:1200071	HEXA
NANDO:1200073	GM2A
NANDO:1200072	HEXB
NANDO:1200075	GALC
NANDO:1200075	PSAP
NANDO:1200074	GALC
NANDO:1200077	GALC
NANDO:1200830	PHKA1
NANDO:1200830	PHKG1
NANDO:1200377	CDH23
NANDO:1200373	COL2A1
NANDO:1200373	TRPV4
NANDO:1200979	SLC25A13
NANDO:1200223	VMA21
NANDO:2200894	RNASEH2B
NANDO:1200378	AIP
NANDO:1200378	CDH23
NANDO:2201242	TPP1
NANDO:2200315	AIP
NANDO:2200315	GPR101
NANDO:2200314	AIP
NANDO:2200396	SDHD
NANDO:2201248	ABCD1
NANDO:1200649	PLOD1
NANDO:2200516	HADH
NANDO:2201055	HLA-DRB1
NANDO:2201055	IL6
NANDO:2201055	LACC1
NANDO:2201055	MIF
NANDO:1200625	STS
NANDO:1200617	ABCA12
NANDO:1200617	ALOX12B
NANDO:1200617	ALOXE3
NANDO:1200617	CERS3
NANDO:1200617	CYP4F22
NANDO:1200617	LIPN
NANDO:1200617	NIPAL4
NANDO:1200617	PNPLA1
NANDO:1200617	SDR9C7
NANDO:1200617	SULT2B1
NANDO:1200617	TGM1
NANDO:2201053	RET
NANDO:2200390	HSD17B3
NANDO:1200832	PGAM2
NANDO:1200739	CFH
NANDO:1200739	CFHR1
NANDO:1200104	GNS
NANDO:1200107	GLB1
NANDO:1200106	GALNS
NANDO:1200101	SGSH
NANDO:1200100	HGSNAT
NANDO:1200103	HGSNAT
NANDO:1200102	NAGLU
NANDO:2201369	LRP4
NANDO:2201369	SOST
NANDO:1200245	HLA-A
NANDO:1200245	HLA-B
NANDO:1200245	IKZF1
NANDO:1200109	ARSB
NANDO:1200108	ARSB
NANDO:2200575	PEX1
NANDO:2200575	PEX10
NANDO:2200575	PEX11B
NANDO:2200575	PEX12
NANDO:2200575	PEX13
NANDO:2200575	PEX14
NANDO:2200575	PEX16
NANDO:2200575	PEX19
NANDO:2200575	PEX2
NANDO:2200575	PEX26
NANDO:2200575	PEX3
NANDO:2200575	PEX5
NANDO:2200575	PEX6
NANDO:2200575	PEX7
NANDO:2200547	IDUA
NANDO:2201354	COL2A1
NANDO:2200548	IDS
NANDO:2200549	HGSNAT
NANDO:1200007	SMN1
NANDO:1200007	SMN2
NANDO:2200542	PYGL
NANDO:2200543	PFKM
NANDO:2200540	GBE1
NANDO:2200541	PYGM
NANDO:2201356	ARSL
NANDO:2200545	SLC2A1
